season,week,leg_a,leg_b,p_a,p_b,y_a,y_b,resid_a,resid_b,resid_product,joint_win,expected_joint,side_pair
2018,1,2018_01_BUF_BAL-BAL,2018_01_DAL_CAR-DAL,0.7659615602670387,0.7510325947045215,1,1,0.23403843973296135,0.24896740529547845,0.058267943079717596,1,0.5752620980512778,DF
2018,1,2018_01_BUF_BAL-BAL,2018_01_JAX_NYG-NYG,0.7659615602670387,0.7490759056139629,1,1,0.23403843973296135,0.25092409438603713,0.05872588354151446,1,0.573763349422516,DF
2018,1,2018_01_DAL_CAR-DAL,2018_01_JAX_NYG-NYG,0.7510325947045215,0.7490759056139629,1,1,0.24896740529547845,0.25092409438603713,0.0624719207054094,1,0.5625804210238938,DD
2018,3,2018_03_CIN_CAR-CIN,2018_03_GB_WAS-WAS,0.7452818581366227,0.7364412874896358,0,1,-0.7452818581366227,0.2635587125103642,-0.1964255269878202,0,0.5488563311488025,DD
2018,4,2018_04_BUF_GB-GB,2018_04_CLE_OAK-CLE,0.7452818581366227,0.7434422108808652,1,1,0.25471814186337727,0.25655778911913485,0.06534992332500222,1,0.5540739923424901,DF
2018,4,2018_04_BUF_GB-GB,2018_04_DET_DAL-DET,0.7452818581366227,0.7452818581366227,1,1,0.25471814186337727,0.25471814186337727,0.06488133179433159,1,0.555445048067577,DF
2018,4,2018_04_BUF_GB-GB,2018_04_NYJ_JAX-JAX,0.7452818581366227,0.7592858751269063,1,1,0.25471814186337727,0.24071412487309374,0.0613142546079434,1,0.5658819878714724,FF
2018,4,2018_04_CLE_OAK-CLE,2018_04_DET_DAL-DET,0.7434422108808652,0.7452818581366227,1,1,0.25655778911913485,0.25471814186337727,0.06534992332500222,1,0.5540739923424901,DD
2018,4,2018_04_CLE_OAK-CLE,2018_04_NYJ_JAX-JAX,0.7434422108808652,0.7592858751269063,1,1,0.25655778911913485,0.24071412487309374,0.061757083687188276,1,0.5644851696949597,DF
2018,4,2018_04_DET_DAL-DET,2018_04_NYJ_JAX-JAX,0.7452818581366227,0.7592858751269063,1,1,0.25471814186337727,0.24071412487309374,0.0613142546079434,1,0.5658819878714724,DF
2018,6,2018_06_BAL_TEN-TEN,2018_06_CHI_MIA-CHI,0.7471593818727904,0.7592858751269063,0,0,-0.7471593818727904,-0.7592858751269063,0.56730756512456,0,0.56730756512456,DF
2018,6,2018_06_BAL_TEN-TEN,2018_06_PHI_NYG-NYG,0.7471593818727904,0.7398722507822,0,0,-0.7471593818727904,-0.7398722507822,0.5528024935592587,0,0.5528024935592587,DD
2018,6,2018_06_CHI_MIA-CHI,2018_06_PHI_NYG-NYG,0.7592858751269063,0.7398722507822,0,0,-0.7592858751269063,-0.7398722507822,0.5617745494172766,0,0.5617745494172766,DF
2018,8,2018_08_BAL_CAR-CAR,2018_08_MIA_HOU-HOU,0.7452818581366227,0.7416393567181148,1,1,0.25471814186337727,0.25836064328188524,0.06580914298738866,1,0.5527303578421261,DF
2018,8,2018_08_BAL_CAR-CAR,2018_08_NYJ_CHI-CHI,0.7452818581366227,0.7510325947045215,1,1,0.25471814186337727,0.24896740529547845,0.06341651486141063,1,0.5597309677025549,DF
2018,8,2018_08_BAL_CAR-CAR,2018_08_SF_ARI-ARI,0.7452818581366227,0.7614624612740131,1,1,0.25471814186337727,0.23853753872598693,0.06075983862894679,1,0.5675041580395825,DD
2018,8,2018_08_MIA_HOU-HOU,2018_08_NYJ_CHI-CHI,0.7416393567181148,0.7510325947045215,1,1,0.25836064328188524,0.24896740529547845,0.06432337898836166,1,0.5569953304109979,FF
2018,8,2018_08_MIA_HOU-HOU,2018_08_SF_ARI-ARI,0.7416393567181148,0.7614624612740131,1,1,0.25836064328188524,0.23853753872598693,0.0616287119521236,1,0.5647305299442514,DF
2018,8,2018_08_NYJ_CHI-CHI,2018_08_SF_ARI-ARI,0.7510325947045215,0.7614624612740131,1,1,0.24896740529547845,0.23853753872598693,0.059388072082178674,1,0.5718831280607133,DF
2018,9,2018_09_ATL_WAS-ATL,2018_09_OAK_SF-SF,0.7364412874896358,0.7452818581366227,1,1,0.2635587125103642,0.25471814186337727,0.06713318552254402,1,0.5488563311488025,DD
2018,9,2018_09_ATL_WAS-ATL,2018_09_PIT_BAL-PIT,0.7364412874896358,0.734775519361947,1,1,0.2635587125103642,0.26522448063805304,0.06990222264319529,1,0.541119029494778,DD
2018,9,2018_09_OAK_SF-SF,2018_09_PIT_BAL-PIT,0.7452818581366227,0.734775519361947,1,1,0.25471814186337727,0.26522448063805304,0.06755748688480415,1,0.5476148643833738,DD
2018,10,2018_10_DAL_PHI-PHI,2018_10_DET_CHI-CHI,0.7398722507822,0.7434422108808652,0,1,-0.7398722507822,0.25655778911913485,-0.18981998889127932,0,0.5500522618909207,FF
2018,11,2018_11_DEN_LAC-LAC,2018_11_MIN_CHI-MIN,0.734775519361947,0.7452818581366227,0,1,-0.734775519361947,0.25471814186337727,-0.18716065497857312,0,0.5476148643833738,DF
2018,15,2018_15_DET_BUF-DET,2018_15_MIA_MIN-MIN,0.7614624612740131,0.7416393567181148,1,1,0.23853753872598693,0.25836064328188524,0.0616287119521236,1,0.5647305299442514,DF
2018,15,2018_15_DET_BUF-DET,2018_15_TB_BAL-BAL,0.7614624612740131,0.7434422108808652,1,1,0.23853753872598693,0.25655778911913485,0.06119866355745922,1,0.5661033357123374,DF
2018,15,2018_15_DET_BUF-DET,2018_15_TEN_NYG-NYG,0.7614624612740131,0.7530306580593271,1,0,0.23853753872598693,-0.7530306580593271,-0.17962607975868217,0,0.573404578300645,DD
2018,15,2018_15_DET_BUF-DET,2018_15_WAS_JAX-JAX,0.7614624612740131,0.7807426392460279,1,0,0.23853753872598693,-0.7807426392460279,-0.18623642754417863,0,0.5945062117018493,DF
2018,15,2018_15_MIA_MIN-MIN,2018_15_TB_BAL-BAL,0.7416393567181148,0.7434422108808652,1,1,0.25836064328188524,0.25655778911913485,0.06628443543579794,1,0.5513660030347779,FF
2018,15,2018_15_MIA_MIN-MIN,2018_15_TEN_NYG-NYG,0.7416393567181148,0.7530306580593271,1,0,0.25836064328188524,-0.7530306580593271,-0.1945534852271891,0,0.558477172832138,DF
2018,15,2018_15_MIA_MIN-MIN,2018_15_WAS_JAX-JAX,0.7416393567181148,0.7807426392460279,1,0,0.25836064328188524,-0.7807426392460279,-0.20171317051320065,0,0.5790294687328273,FF
2018,15,2018_15_TB_BAL-BAL,2018_15_TEN_NYG-NYG,0.7434422108808652,0.7530306580593271,1,0,0.25655778911913485,-0.7530306580593271,-0.1931958807706282,0,0.5598347772886989,DF
2018,15,2018_15_TB_BAL-BAL,2018_15_WAS_JAX-JAX,0.7434422108808652,0.7807426392460279,1,0,0.25655778911913485,-0.7807426392460279,-0.2003056053959992,0,0.5804370338500288,FF
2018,15,2018_15_TEN_NYG-NYG,2018_15_WAS_JAX-JAX,0.7530306580593271,0.7807426392460279,0,0,-0.7530306580593271,-0.7807426392460279,0.5879231434064123,0,0.5879231434064123,DF
2018,16,2018_16_ATL_CAR-CAR,2018_16_DEN_OAK-OAK,0.7364412874896358,0.7510325947045215,0,1,-0.7364412874896358,0.24896740529547845,-0.18334987649875611,0,0.5530914109908797,DD
2018,17,2018_17_DAL_NYG-NYG,2018_17_DET_GB-GB,0.7682871529359228,0.7434422108808652,0,0,-0.7682871529359228,-0.7434422108808652,0.5711770995700478,0,0.5711770995700478,FF
2019,1,2019_01_BUF_NYJ-BUF,2019_01_DET_ARI-ARI,0.7571559720637167,0.7398722507822,1,1,0.24284402793628335,0.2601277492178,0.06317047039804993,1,0.5601986932439665,DD
2019,3,2019_03_CAR_ARI-CAR,2019_03_OAK_MIN-MIN,0.738139885177199,0.7490759056139629,1,1,0.261860114822801,0.25092409438603713,0.06570701216773504,1,0.5529228029588968,DF
2019,3,2019_03_CAR_ARI-CAR,2019_03_TEN_JAX-JAX,0.738139885177199,0.7706655928711172,1,1,0.261860114822801,0.22933440712888276,0.060053534183588234,1,0.5688590122319045,DD
2019,3,2019_03_OAK_MIN-MIN,2019_03_TEN_JAX-JAX,0.7490759056139629,0.7706655928711172,1,1,0.25092409438603713,0.22933440712888276,0.057545528420373644,1,0.5772870269054537,DF
2019,4,2019_04_CLE_BAL-BAL,2019_04_DAL_NO-NO,0.734775519361947,0.734775519361947,0,1,-0.734775519361947,0.26522448063805304,-0.19488045550832805,0,0.5398950638536189,DF
2019,4,2019_04_CLE_BAL-BAL,2019_04_JAX_DEN-JAX,0.734775519361947,0.7755878446841711,0,1,-0.734775519361947,0.22441215531582892,-0.1648925579733221,0,0.5698829613886248,DF
2019,4,2019_04_DAL_NO-NO,2019_04_JAX_DEN-JAX,0.734775519361947,0.7755878446841711,1,1,0.26522448063805304,0.22441215531582892,0.05951959734250682,1,0.5698829613886248,DD
2019,7,2019_07_HOU_IND-HOU,2019_07_MIN_DET-DET,0.7364412874896358,0.7471593818727904,1,0,0.2635587125103642,-0.7471593818727904,-0.1969203647264322,0,0.5502390171463583,DD
2019,11,2019_11_DAL_DET-DAL,2019_11_JAX_IND-JAX,0.7364412874896358,0.7550713499837194,1,0,0.2635587125103642,-0.7550713499837194,-0.1990056328551717,0,0.5560657171285477,DF
2019,13,2019_13_LA_ARI-ARI,2019_13_NYJ_CIN-CIN,0.734775519361947,0.7490759056139629,0,1,-0.734775519361947,0.25092409438603713,-0.18437288177292663,0,0.5504026375890203,DD
2019,16,2019_16_CAR_IND-IND,2019_16_CIN_MIA-MIA,0.738139885177199,0.738139885177199,1,1,0.261860114822801,0.261860114822801,0.06857071973501054,1,0.5448504900894084,DF
2019,16,2019_16_CAR_IND-IND,2019_16_OAK_LAC-LAC,0.738139885177199,0.7416393567181148,1,0,0.261860114822801,-0.7416393567181148,-0.19420576710731383,0,0.5474335896108009,FF
2019,16,2019_16_CIN_MIA-MIA,2019_16_OAK_LAC-LAC,0.738139885177199,0.7416393567181148,1,0,0.261860114822801,-0.7416393567181148,-0.19420576710731383,0,0.5474335896108009,DF
2019,17,2019_17_CLE_CIN-CIN,2019_17_NYJ_BUF-BUF,0.7452818581366227,0.7755878446841711,1,1,0.25471814186337727,0.22441215531582892,0.05716184721360357,1,0.5780315500343973,DD
2020,1,2020_01_CHI_DET-CHI,2020_01_LAC_CIN-CIN,0.7510325947045215,0.7550713499837194,1,1,0.24896740529547845,0.2449286500162806,0.06097925047707773,1,0.5670831951653187,DD
2020,1,2020_01_CHI_DET-CHI,2020_01_MIA_NE-NE,0.7510325947045215,0.7550713499837194,1,1,0.24896740529547845,0.2449286500162806,0.06097925047707773,1,0.5670831951653187,DF
2020,1,2020_01_LAC_CIN-CIN,2020_01_MIA_NE-NE,0.7550713499837194,0.7550713499837194,1,1,0.2449286500162806,0.2449286500162806,0.05999004359879768,1,0.5701327435662364,DF
2020,2,2020_02_CAR_TB-TB,2020_02_KC_LAC-KC,0.734775519361947,0.734775519361947,1,1,0.26522448063805304,0.26522448063805304,0.07034402512972497,1,0.5398950638536189,FF
2020,2,2020_02_CAR_TB-TB,2020_02_WAS_ARI-ARI,0.734775519361947,0.7364412874896358,1,1,0.26522448063805304,0.2635587125103642,0.06990222264319529,1,0.541119029494778,FF
2020,2,2020_02_KC_LAC-KC,2020_02_WAS_ARI-ARI,0.734775519361947,0.7364412874896358,1,1,0.26522448063805304,0.2635587125103642,0.06990222264319529,1,0.541119029494778,FF
2020,3,2020_03_CHI_ATL-CHI,2020_03_LA_BUF-LA,0.738139885177199,0.7364412874896358,1,1,0.261860114822801,0.2635587125103642,0.06901551472051358,1,0.5435966873873483,DD
2020,3,2020_03_CHI_ATL-CHI,2020_03_WAS_CLE-CLE,0.738139885177199,0.7416393567181148,1,1,0.261860114822801,0.25836064328188524,0.0676543477154872,1,0.5474335896108009,DF
2020,3,2020_03_LA_BUF-LA,2020_03_WAS_CLE-CLE,0.7364412874896358,0.7416393567181148,1,1,0.2635587125103642,0.25836064328188524,0.06809319850672316,1,0.5461738427144737,DF
2020,4,2020_04_LAC_TB-TB,2020_04_PHI_SF-SF,0.7510325947045215,0.7398722507822,1,0,0.24896740529547845,-0.7398722507822,-0.18420407452736987,0,0.5556681762548301,FF
2020,12,2020_12_CHI_GB-GB,2020_12_MIA_NYJ-MIA,0.7452818581366227,0.738139885177199,1,1,0.25471814186337727,0.261860114822801,0.06670052187579449,1,0.5501222651896162,FF
2020,12,2020_12_CHI_GB-GB,2020_12_WAS_DAL-WAS,0.7452818581366227,0.738139885177199,1,1,0.25471814186337727,0.261860114822801,0.06670052187579449,1,0.5501222651896162,DF
2020,12,2020_12_MIA_NYJ-MIA,2020_12_WAS_DAL-WAS,0.738139885177199,0.738139885177199,1,1,0.261860114822801,0.261860114822801,0.06857071973501054,1,0.5448504900894084,DF
2020,13,2020_13_DAL_BAL-BAL,2020_13_NE_LAC-NE,0.738139885177199,0.734775519361947,1,1,0.261860114822801,0.26522448063805304,0.06945171295369834,1,0.5423671174928443,DF
2020,13,2020_13_DAL_BAL-BAL,2020_13_NO_ATL-ATL,0.738139885177199,0.738139885177199,1,1,0.261860114822801,0.261860114822801,0.06857071973501054,1,0.5448504900894084,DF
2020,13,2020_13_NE_LAC-NE,2020_13_NO_ATL-ATL,0.734775519361947,0.738139885177199,1,1,0.26522448063805304,0.261860114822801,0.06945171295369834,1,0.5423671174928443,DD
2021,3,2021_03_CHI_CLE-CLE,2021_03_CIN_PIT-CIN,0.7416393567181148,0.7510325947045215,1,1,0.25836064328188524,0.24896740529547845,0.06432337898836166,1,0.5569953304109979,DF
2021,3,2021_03_CHI_CLE-CLE,2021_03_WAS_BUF-BUF,0.7416393567181148,0.7398722507822,1,1,0.25836064328188524,0.2601277492178,0.06720677262337973,1,0.5487183801236944,FF
2021,3,2021_03_CIN_PIT-CIN,2021_03_WAS_BUF-BUF,0.7510325947045215,0.7398722507822,1,1,0.24896740529547845,0.2601277492178,0.0647633307681086,1,0.5556681762548301,DF
2021,4,2021_04_IND_MIA-IND,2021_04_JAX_CIN-CIN,0.7550713499837194,0.738139885177199,1,1,0.2449286500162806,0.261860114822801,0.0641370444166569,1,0.5573482795775753,DF
2021,4,2021_04_IND_MIA-IND,2021_04_NYG_NO-NO,0.7550713499837194,0.7490759056139629,1,0,0.2449286500162806,-0.7490759056139629,-0.18347015032175076,0,0.5656057552922121,DF
2021,4,2021_04_JAX_CIN-CIN,2021_04_NYG_NO-NO,0.738139885177199,0.7490759056139629,1,0,0.261860114822801,-0.7490759056139629,-0.19615310265506597,0,0.5529228029588968,FF
2021,5,2021_05_CLE_LAC-CLE,2021_05_IND_BAL-BAL,0.7364412874896358,0.7364412874896358,1,1,0.2635587125103642,0.2635587125103642,0.06946319494012082,1,0.5423457699193923,DF
2021,5,2021_05_CLE_LAC-CLE,2021_05_NO_WAS-WAS,0.7364412874896358,0.7471593818727904,1,0,0.2635587125103642,-0.7471593818727904,-0.1969203647264322,0,0.5502390171463583,DD
2021,5,2021_05_CLE_LAC-CLE,2021_05_PHI_CAR-PHI,0.7364412874896358,0.738139885177199,1,1,0.2635587125103642,0.261860114822801,0.06901551472051358,1,0.5435966873873483,DD
2021,5,2021_05_IND_BAL-BAL,2021_05_NO_WAS-WAS,0.7364412874896358,0.7471593818727904,1,0,0.2635587125103642,-0.7471593818727904,-0.1969203647264322,0,0.5502390171463583,DF
2021,5,2021_05_IND_BAL-BAL,2021_05_PHI_CAR-PHI,0.7364412874896358,0.738139885177199,1,1,0.2635587125103642,0.261860114822801,0.06901551472051358,1,0.5435966873873483,DF
2021,5,2021_05_NO_WAS-WAS,2021_05_PHI_CAR-PHI,0.7471593818727904,0.738139885177199,0,1,-0.7471593818727904,0.261860114822801,-0.19565124152814192,0,0.5515081403446485,DD
2021,10,2021_10_BAL_MIA-BAL,2021_10_CLE_NE-CLE,0.7364412874896358,0.7398722507822,0,0,-0.7364412874896358,-0.7398722507822,0.5448724729438981,0,0.5448724729438981,DF
2021,11,2021_11_ARI_SEA-ARI,2021_11_NO_PHI-NO,0.738139885177199,0.7510325947045215,1,0,0.261860114822801,-0.7510325947045215,-0.1966654814849922,0,0.5543671132195294,DD
2021,12,2021_12_ATL_JAX-JAX,2021_12_TEN_NE-NE,0.738139885177199,0.7490759056139629,1,1,0.261860114822801,0.25092409438603713,0.06570701216773504,1,0.5529228029588968,DF
2021,13,2021_13_ARI_CHI-ARI,2021_13_DEN_KC-KC,0.7471593818727904,0.7364412874896358,1,1,0.2528406181272096,0.2635587125103642,0.06663834778393202,1,0.5502390171463583,FF
2021,14,2021_14_ATL_CAR-ATL,2021_14_JAX_TEN-TEN,0.7571559720637167,0.7434422108808652,1,1,0.24284402793628335,0.25655778911913485,0.06230352690811827,1,0.5629017098527,DF
2021,16,2021_16_BAL_CIN-CIN,2021_16_CLE_GB-GB,0.7490759056139629,0.7364412874896358,1,1,0.25092409438603713,0.2635587125103642,0.06613323125421305,1,0.5516504243578118,FF
2021,16,2021_16_BAL_CIN-CIN,2021_16_DET_ATL-ATL,0.7490759056139629,0.7510325947045215,1,1,0.25092409438603713,0.24896740529547845,0.0624719207054094,1,0.5625804210238938,FF
2021,16,2021_16_BAL_CIN-CIN,2021_16_JAX_NYJ-JAX,0.7490759056139629,0.7510325947045215,1,1,0.25092409438603713,0.24896740529547845,0.0624719207054094,1,0.5625804210238938,DF
2021,16,2021_16_CLE_GB-GB,2021_16_DET_ATL-ATL,0.7364412874896358,0.7510325947045215,1,1,0.2635587125103642,0.24896740529547845,0.06561752879672234,1,0.5530914109908797,FF
2021,16,2021_16_CLE_GB-GB,2021_16_JAX_NYJ-JAX,0.7364412874896358,0.7510325947045215,1,1,0.2635587125103642,0.24896740529547845,0.06561752879672234,1,0.5530914109908797,DF
2021,16,2021_16_DET_ATL-ATL,2021_16_JAX_NYJ-JAX,0.7510325947045215,0.7510325947045215,1,1,0.24896740529547845,0.24896740529547845,0.06198476889956303,1,0.5640499583086062,DF
2021,17,2021_17_DET_SEA-SEA,2021_17_LV_IND-IND,0.7550713499837194,0.7364412874896358,1,0,0.2449286500162806,-0.7364412874896358,-0.1803755703610881,0,0.5560657171285477,FF
2022,1,2022_01_CLE_CAR-CLE,2022_01_GB_MIN-GB,0.7510325947045215,0.734775519361947,1,0,0.24896740529547845,-0.734775519361947,-0.18293515453018153,0,0.5518403648317655,DD
2022,1,2022_01_CLE_CAR-CLE,2022_01_PIT_CIN-CIN,0.7510325947045215,0.7434422108808652,1,0,0.24896740529547845,-0.7434422108808652,-0.18509287823014292,0,0.5583493326507223,DF
2022,1,2022_01_GB_MIN-GB,2022_01_PIT_CIN-CIN,0.734775519361947,0.7434422108808652,0,0,-0.734775519361947,-0.7434422108808652,0.5462631366155818,0,0.5462631366155818,DF
2022,2,2022_02_CIN_DAL-CIN,2022_02_SEA_SF-SF,0.7530306580593271,0.7614624612740131,0,1,-0.7530306580593271,0.23853753872598693,-0.17962607975868217,0,0.573404578300645,FF
2022,2,2022_02_CIN_DAL-CIN,2022_02_TB_NO-NO,0.7530306580593271,0.7452818581366227,0,0,-0.7530306580593271,-0.7452818581366227,0.5612200880722991,0,0.5612200880722991,DF
2022,2,2022_02_SEA_SF-SF,2022_02_TB_NO-NO,0.7614624612740131,0.7452818581366227,1,0,0.23853753872598693,-0.7452818581366227,-0.17777770009704014,0,0.5675041580395825,DF
2022,3,2022_03_BAL_NE-NE,2022_03_LV_TEN-TEN,0.7398722507822,0.7398722507822,0,1,-0.7398722507822,0.2601277492178,-0.19246130330468136,0,0.5474109474775186,DD
2022,6,2022_06_NE_CLE-NE,2022_06_NYJ_GB-GB,0.7490759056139629,0.7434422108808652,1,0,0.25092409438603713,-0.7434422108808652,-0.18654756349363433,0,0.5568946473872308,DF
2022,7,2022_07_IND_TEN-IND,2022_07_NO_ARI-NO,0.7490759056139629,0.7452818581366227,0,1,-0.7490759056139629,0.25471814186337727,-0.1908032227926152,0,0.5582726828213477,DD
2022,7,2022_07_IND_TEN-IND,2022_07_PIT_MIA-MIA,0.7490759056139629,0.7434422108808652,0,1,-0.7490759056139629,0.25655778911913485,-0.19218125822673204,0,0.5568946473872308,DF
2022,7,2022_07_NO_ARI-NO,2022_07_PIT_MIA-MIA,0.7452818581366227,0.7434422108808652,1,1,0.25471814186337727,0.25655778911913485,0.06534992332500222,1,0.5540739923424901,DF
2022,10,2022_10_ATL_CAR-CAR,2022_10_DEN_TEN-DEN,0.7550713499837194,0.7614624612740131,1,1,0.2449286500162806,0.23853753872598693,0.058424677338362235,1,0.5749584885960947,DD
2022,10,2022_10_ATL_CAR-CAR,2022_10_LAC_SF-SF,0.7550713499837194,0.7398722507822,1,1,0.2449286500162806,0.2601277492178,0.06371273844768935,1,0.5586563392136087,DF
2022,10,2022_10_ATL_CAR-CAR,2022_10_SEA_TB-SEA,0.7550713499837194,0.7416393567181148,1,1,0.2449286500162806,0.25836064328188524,0.06327992357637,1,0.5599906302782042,DD
2022,10,2022_10_DEN_TEN-DEN,2022_10_LAC_SF-SF,0.7614624612740131,0.7398722507822,1,1,0.23853753872598693,0.2601277492178,0.06205023305274479,1,0.5633849451089579,DF
2022,10,2022_10_DEN_TEN-DEN,2022_10_SEA_TB-SEA,0.7614624612740131,0.7416393567181148,1,1,0.23853753872598693,0.25836064328188524,0.0616287119521236,1,0.5647305299442514,DD
2022,10,2022_10_LAC_SF-SF,2022_10_SEA_TB-SEA,0.7398722507822,0.7416393567181148,1,1,0.2601277492178,0.25836064328188524,0.06720677262337973,1,0.5487183801236944,DF
2022,11,2022_11_LA_NO-LA,2022_11_LV_DEN-LV,0.763687185980531,0.7550713499837194,1,1,0.23631281401946902,0.2449286500162806,0.05787977851933694,1,0.5766383144835873,DD
2022,12,2022_12_CHI_NYJ-NYJ,2022_12_NE_MIN-NE,0.7781352362117708,0.7510325947045215,1,1,0.22186476378822917,0.24896740529547845,0.055237094566849644,1,0.584404925483142,DF
2022,12,2022_12_CHI_NYJ-NYJ,2022_12_PIT_IND-PIT,0.7781352362117708,0.7614624612740131,1,1,0.22186476378822917,0.23853753872598693,0.05292307468406666,1,0.5925207721698506,DF
2022,12,2022_12_NE_MIN-NE,2022_12_PIT_IND-PIT,0.7510325947045215,0.7614624612740131,1,1,0.24896740529547845,0.23853753872598693,0.059388072082178674,1,0.5718831280607133,DD
2022,13,2022_13_CLE_HOU-CLE,2022_13_WAS_NYG-NYG,0.734775519361947,0.7614624612740131,1,1,0.26522448063805304,0.23853753872598693,0.06326599482127934,1,0.5595039754572394,DF
2022,14,2022_14_BAL_PIT-BAL,2022_14_KC_DEN-KC,0.7755878446841711,0.7434422108808652,1,1,0.22441215531582892,0.25655778911913485,0.05757468641928897,1,0.5766047419843252,DF
2022,14,2022_14_BAL_PIT-BAL,2022_14_PHI_NYG-PHI,0.7755878446841711,0.7434422108808652,1,1,0.22441215531582892,0.25655778911913485,0.05757468641928897,1,0.5766047419843252,DF
2022,14,2022_14_KC_DEN-KC,2022_14_PHI_NYG-PHI,0.7434422108808652,0.7434422108808652,1,1,0.25655778911913485,0.25655778911913485,0.06582189915769847,1,0.5527063209194287,FF
2022,15,2022_15_ARI_DEN-ARI,2022_15_BAL_CLE-BAL,0.7730985713961489,0.763687185980531,0,0,-0.7730985713961489,-0.763687185980531,0.5904054724750936,0,0.5904054724750936,DD
2022,15,2022_15_ARI_DEN-ARI,2022_15_PIT_CAR-PIT,0.7730985713961489,0.7781352362117708,0,1,-0.7730985713961489,0.22186476378822917,-0.171523331927824,0,0.6015752394683249,DD
2022,15,2022_15_BAL_CLE-BAL,2022_15_PIT_CAR-PIT,0.763687185980531,0.7781352362117708,0,1,-0.763687185980531,0.22186476378822917,-0.16943527712566794,0,0.594251908854863,DD
2022,16,2022_16_DET_CAR-CAR,2022_16_JAX_NYJ-JAX,0.7471593818727904,0.7781352362117708,1,1,0.2528406181272096,0.22186476378822917,0.05609642401686321,1,0.5813910421014244,DD
2022,16,2022_16_DET_CAR-CAR,2022_16_LV_PIT-LV,0.7471593818727904,0.7682871529359228,1,1,0.2528406181272096,0.23171284706407724,0.05858641947969687,1,0.5740329542884101,DD
2022,16,2022_16_DET_CAR-CAR,2022_16_TB_ARI-TB,0.7471593818727904,0.7550713499837194,1,1,0.2528406181272096,0.2449286500162806,0.06192791126717937,1,0.5641586431236891,DF
2022,16,2022_16_JAX_NYJ-JAX,2022_16_LV_PIT-LV,0.7781352362117708,0.7682871529359228,1,1,0.22186476378822917,0.23171284706407724,0.05140891608056957,1,0.5978313052282631,DD
2022,16,2022_16_JAX_NYJ-JAX,2022_16_TB_ARI-TB,0.7781352362117708,0.7550713499837194,1,1,0.22186476378822917,0.2449286500162806,0.054341037080831954,1,0.5875476232763222,DF
2022,16,2022_16_LV_PIT-LV,2022_16_TB_ARI-TB,0.7682871529359228,0.7550713499837194,1,1,0.23171284706407724,0.2449286500162806,0.05675311482283333,1,0.5801116177424754,DF
2022,18,2022_18_CLE_PIT-CLE,2022_18_DAL_WAS-DAL,0.7614624612740131,0.7592858751269063,0,0,-0.7614624612740131,-0.7592858751269063,0.578167691284727,0,0.578167691284727,DF
2022,19,2022_19_BAL_CIN-CIN,2022_19_DAL_TB-TB,0.7614624612740131,0.7398722507822,1,0,0.23853753872598693,-0.7398722507822,-0.17648730567324214,0,0.5633849451089579,DF
2023,1,2023_01_BUF_NYJ-NYJ,2023_01_SF_PIT-PIT,0.7434422108808652,0.7550713499837194,1,0,0.25655778911913485,-0.7550713499837194,-0.19371943617902354,0,0.5613519138046958,DD
2023,2,2023_02_CHI_TB-CHI,2023_02_CLE_PIT-PIT,0.7571559720637167,0.7659615602670387,0,1,-0.7571559720637167,0.23403843973296135,-0.1772036023362859,0,0.5799523697274307,DD
2023,2,2023_02_CHI_TB-CHI,2023_02_LAC_TEN-TEN,0.7571559720637167,0.7398722507822,0,1,-0.7571559720637167,0.2601277492178,-0.1969572788197501,0,0.5601986932439665,DD
2023,2,2023_02_CHI_TB-CHI,2023_02_LV_BUF-BUF,0.7571559720637167,0.734775519361947,0,1,-0.7571559720637167,0.26522448063805304,-0.20081629945259943,0,0.5563396726111172,DF
2023,2,2023_02_CHI_TB-CHI,2023_02_NYJ_DAL-DAL,0.7571559720637167,0.7682871529359228,0,1,-0.7571559720637167,0.23171284706407724,-0.1754427659584527,0,0.5817132061052639,DF
2023,2,2023_02_CHI_TB-CHI,2023_02_SF_LA-SF,0.7571559720637167,0.7416393567181148,0,1,-0.7571559720637167,0.25836064328188524,-0.19561930400710295,0,0.5615366680566137,DF
2023,2,2023_02_CLE_PIT-PIT,2023_02_LAC_TEN-TEN,0.7659615602670387,0.7398722507822,1,1,0.23403843973296135,0.2601277492178,0.06087989255818097,1,0.5667137036074196,DD
2023,2,2023_02_CLE_PIT-PIT,2023_02_LV_BUF-BUF,0.7659615602670387,0.734775519361947,1,1,0.23403843973296135,0.26522448063805304,0.062072723627514946,1,0.5628098032565005,DF
2023,2,2023_02_CLE_PIT-PIT,2023_02_NYJ_DAL-DAL,0.7659615602670387,0.7682871529359228,1,1,0.23403843973296135,0.23171284706407724,0.05422971319295893,1,0.5884784263959203,DF
2023,2,2023_02_CLE_PIT-PIT,2023_02_SF_LA-SF,0.7659615602670387,0.7416393567181148,1,1,0.23403843973296135,0.25836064328188524,0.060466321842096625,1,0.5680672388272501,DF
2023,2,2023_02_LAC_TEN-TEN,2023_02_LV_BUF-BUF,0.7398722507822,0.734775519361947,1,1,0.2601277492178,0.26522448063805304,0.06899224718583671,1,0.5436400173299837,DF
2023,2,2023_02_LAC_TEN-TEN,2023_02_NYJ_DAL-DAL,0.7398722507822,0.7682871529359228,1,1,0.2601277492178,0.23171284706407724,0.060274941371626735,1,0.5684343450897494,DF
2023,2,2023_02_LAC_TEN-TEN,2023_02_SF_LA-SF,0.7398722507822,0.7416393567181148,1,1,0.2601277492178,0.25836064328188524,0.06720677262337973,1,0.5487183801236944,DF
2023,2,2023_02_LV_BUF-BUF,2023_02_NYJ_DAL-DAL,0.734775519361947,0.7682871529359228,1,1,0.26522448063805304,0.23171284706407724,0.0614559195197345,1,0.5645185918176042,FF
2023,2,2023_02_LV_BUF-BUF,2023_02_SF_LA-SF,0.734775519361947,0.7416393567181148,1,1,0.26522448063805304,0.25836064328188524,0.0685235674317513,1,0.544938443511813,FF
2023,2,2023_02_NYJ_DAL-DAL,2023_02_SF_LA-SF,0.7682871529359228,0.7416393567181148,1,1,0.23171284706407724,0.25836064328188524,0.05986548022415209,1,0.5697919898781896,FF
2023,3,2023_03_HOU_JAX-JAX,2023_03_IND_BAL-BAL,0.7471593818727904,0.7471593818727904,0,0,-0.7471593818727904,-0.7471593818727904,0.5582471419205303,0,0.5582471419205303,FF
2023,3,2023_03_HOU_JAX-JAX,2023_03_NE_NYJ-NYJ,0.7471593818727904,0.7834120193515979,0,1,-0.7471593818727904,0.21658798064840212,-0.16182574174233602,0,0.5853336401304544,DF
2023,3,2023_03_HOU_JAX-JAX,2023_03_NO_GB-GB,0.7471593818727904,0.7550713499837194,0,1,-0.7471593818727904,0.2449286500162806,-0.18300073874910125,0,0.5641586431236891,DF
2023,3,2023_03_IND_BAL-BAL,2023_03_NE_NYJ-NYJ,0.7471593818727904,0.7834120193515979,0,1,-0.7471593818727904,0.21658798064840212,-0.16182574174233602,0,0.5853336401304544,DF
2023,3,2023_03_IND_BAL-BAL,2023_03_NO_GB-GB,0.7471593818727904,0.7550713499837194,0,1,-0.7471593818727904,0.2449286500162806,-0.18300073874910125,0,0.5641586431236891,DF
2023,3,2023_03_NE_NYJ-NYJ,2023_03_NO_GB-GB,0.7834120193515979,0.7550713499837194,1,1,0.21658798064840212,0.2449286500162806,0.05304860170996544,1,0.5915319710452827,DD
2023,4,2023_04_CIN_TEN-TEN,2023_04_DET_GB-GB,0.7550713499837194,0.7416393567181148,1,0,0.2449286500162806,-0.7416393567181148,-0.18164872643991062,0,0.5599906302782042,DD
2023,4,2023_04_CIN_TEN-TEN,2023_04_SEA_NYG-NYG,0.7550713499837194,0.7364412874896358,1,0,0.2449286500162806,-0.7364412874896358,-0.1803755703610881,0,0.5560657171285477,DD
2023,4,2023_04_DET_GB-GB,2023_04_SEA_NYG-NYG,0.7416393567181148,0.7364412874896358,0,0,-0.7416393567181148,-0.7364412874896358,0.5461738427144737,0,0.5461738427144737,DD
2023,5,2023_05_HOU_ATL-HOU,2023_05_NO_NE-NO,0.7530306580593271,0.7682871529359228,1,1,0.24696934194067288,0.23171284706407724,0.05722596935861493,1,0.5785437803538648,DD
2023,5,2023_05_HOU_ATL-HOU,2023_05_NYJ_DEN-NYJ,0.7530306580593271,0.7510325947045215,1,1,0.24696934194067288,0.24896740529547845,0.06148731625050111,1,0.5655505690143497,DD
2023,5,2023_05_HOU_ATL-HOU,2023_05_TEN_IND-IND,0.7530306580593271,0.7471593818727904,1,1,0.24696934194067288,0.2528406181272096,0.06244388107474992,1,0.5626339210068675,DD
2023,5,2023_05_NO_NE-NO,2023_05_NYJ_DEN-NYJ,0.7682871529359228,0.7510325947045215,1,1,0.23171284706407724,0.24896740529547845,0.057688946307171335,1,0.5770086939476157,DD
2023,5,2023_05_NO_NE-NO,2023_05_TEN_IND-IND,0.7682871529359228,0.7471593818727904,1,1,0.23171284706407724,0.2528406181272096,0.05858641947969687,1,0.5740329542884101,DD
2023,5,2023_05_NYJ_DEN-NYJ,2023_05_TEN_IND-IND,0.7510325947045215,0.7471593818727904,1,1,0.24896740529547845,0.2528406181272096,0.06294907264843629,1,0.5611410492257483,DD
2023,7,2023_07_BUF_NE-BUF,2023_07_GB_DEN-GB,0.7571559720637167,0.7452818581366227,0,1,-0.7571559720637167,0.25471814186337727,-0.1928613623048291,0,0.5642946097588876,DF
2023,7,2023_07_BUF_NE-BUF,2023_07_JAX_NO-JAX,0.7571559720637167,0.7571559720637167,0,1,-0.7571559720637167,0.24284402793628335,-0.18387080603196498,0,0.5732851660317517,DF
2023,7,2023_07_BUF_NE-BUF,2023_07_LV_CHI-CHI,0.7571559720637167,0.7682871529359228,0,1,-0.7571559720637167,0.23171284706407724,-0.1754427659584527,0,0.5817132061052639,DF
2023,7,2023_07_GB_DEN-GB,2023_07_JAX_NO-JAX,0.7452818581366227,0.7571559720637167,1,1,0.25471814186337727,0.24284402793628335,0.061856779558548174,1,0.5642946097588876,DD
2023,7,2023_07_GB_DEN-GB,2023_07_LV_CHI-CHI,0.7452818581366227,0.7682871529359228,1,1,0.25471814186337727,0.23171284706407724,0.05902146585003467,1,0.5725904769225801,DD
2023,7,2023_07_JAX_NO-JAX,2023_07_LV_CHI-CHI,0.7571559720637167,0.7682871529359228,1,1,0.24284402793628335,0.23171284706407724,0.05627008110562452,1,0.5817132061052639,DD
2023,8,2023_08_ATL_TEN-TEN,2023_08_JAX_PIT-PIT,0.7861454169013238,0.7571559720637167,1,0,0.21385458309867622,-0.7571559720637167,-0.16192127474635906,0,0.5952346973173576,DD
2023,8,2023_08_ATL_TEN-TEN,2023_08_NE_MIA-MIA,0.7861454169013238,0.7364412874896358,1,1,0.21385458309867622,0.2635587125103642,0.0563632385859278,1,0.5789499429768874,DF
2023,8,2023_08_JAX_PIT-PIT,2023_08_NE_MIA-MIA,0.7571559720637167,0.7364412874896358,0,1,-0.7571559720637167,0.2635587125103642,-0.19955505316664646,0,0.5576009188970702,DF
2023,9,2023_09_IND_CAR-CAR,2023_09_TB_HOU-TB,0.7416393567181148,0.763687185980531,0,1,-0.7416393567181148,0.23631281401946902,-0.1752588833736465,0,0.5663804733444683,DD
2023,9,2023_09_IND_CAR-CAR,2023_09_WAS_NE-WAS,0.7416393567181148,0.7592858751269063,0,1,-0.7416393567181148,0.24071412487309374,-0.17852306872384519,0,0.5631162879942696,DD
2023,9,2023_09_TB_HOU-TB,2023_09_WAS_NE-WAS,0.763687185980531,0.7592858751269063,1,1,0.23631281401946902,0.24071412487309374,0.05688383222299464,1,0.5798568933304319,DD
2023,11,2023_11_MIN_DEN-MIN,2023_11_NYG_WAS-WAS,0.7471593818727904,0.7659615602670387,1,0,0.2528406181272096,-0.7659615602670387,-0.19366619435959995,0,0.5722953659074387,DF
2023,11,2023_11_MIN_DEN-MIN,2023_11_PHI_KC-PHI,0.7471593818727904,0.738139885177199,1,1,0.2528406181272096,0.261860114822801,0.06620887329465909,1,0.5515081403446485,DD
2023,11,2023_11_MIN_DEN-MIN,2023_11_PIT_CLE-PIT,0.7471593818727904,0.7918128147865466,1,1,0.2528406181272096,0.20818718521345336,0.052638176595533416,1,0.5916103732548704,DD
2023,11,2023_11_MIN_DEN-MIN,2023_11_SEA_LA-SEA,0.7471593818727904,0.7416393567181148,1,1,0.2528406181272096,0.25836064328188524,0.06532406474713537,1,0.5541228033380405,DD
2023,11,2023_11_NYG_WAS-WAS,2023_11_PHI_KC-PHI,0.7659615602670387,0.738139885177199,0,1,-0.7659615602670387,0.261860114822801,-0.20057478212137858,0,0.5653867781456601,DF
2023,11,2023_11_NYG_WAS-WAS,2023_11_PIT_CLE-PIT,0.7659615602670387,0.7918128147865466,0,1,-0.7659615602670387,0.20818718521345336,-0.15946338121369968,0,0.6064981790533389,DF
2023,11,2023_11_NYG_WAS-WAS,2023_11_SEA_LA-SEA,0.7659615602670387,0.7416393567181148,0,1,-0.7659615602670387,0.25836064328188524,-0.1978943214397886,0,0.5680672388272501,DF
2023,11,2023_11_PHI_KC-PHI,2023_11_PIT_CLE-PIT,0.738139885177199,0.7918128147865466,1,1,0.261860114822801,0.20818718521345336,0.05451592022463064,1,0.5844686201883762,DD
2023,11,2023_11_PHI_KC-PHI,2023_11_SEA_LA-SEA,0.738139885177199,0.7416393567181148,1,1,0.261860114822801,0.25836064328188524,0.0676543477154872,1,0.5474335896108009,DD
2023,11,2023_11_PIT_CLE-PIT,2023_11_SEA_LA-SEA,0.7918128147865466,0.7416393567181148,1,1,0.20818718521345336,0.25836064328188524,0.0537873750947928,1,0.5872395465994542,DD
2023,12,2023_12_CLE_DEN-CLE,2023_12_GB_DET-DET,0.7730985713961489,0.734775519361947,0,0,-0.7730985713961489,-0.734775519361947,0.5680539043155846,0,0.5680539043155846,DF
2023,12,2023_12_CLE_DEN-CLE,2023_12_TB_IND-TB,0.7730985713961489,0.7416393567181148,0,1,-0.7730985713961489,0.25836064328188524,-0.1997382442262155,0,0.5733603271699333,DD
2023,12,2023_12_GB_DET-DET,2023_12_TB_IND-TB,0.734775519361947,0.7416393567181148,0,1,-0.734775519361947,0.25836064328188524,-0.18983707585013393,0,0.544938443511813,DF
2023,14,2023_14_JAX_CLE-JAX,2023_14_LA_BAL-BAL,0.7730985713961489,0.7530306580593271,1,1,0.2269014286038511,0.24696934194067288,0.05603769650769168,1,0.5821669259631677,DF
2023,14,2023_14_JAX_CLE-JAX,2023_14_TB_ATL-TB,0.7730985713961489,0.7550713499837194,1,1,0.2269014286038511,0.2449286500162806,0.055574660594706726,1,0.583744581974575,DD
2023,14,2023_14_LA_BAL-BAL,2023_14_TB_ATL-TB,0.7530306580593271,0.7550713499837194,1,1,0.24696934194067288,0.2449286500162806,0.0604898675169382,1,0.5685918755599847,DF
2023,15,2023_15_NYJ_MIA-MIA,2023_15_PIT_IND-PIT,0.7807426392460279,0.7550713499837194,1,0,0.21925736075397206,-0.7550713499837194,-0.16555495137836906,0,0.5895163986053503,DF
2023,17,2023_17_CIN_KC-KC,2023_17_NO_TB-NO,0.738139885177199,0.7510325947045215,1,1,0.261860114822801,0.24896740529547845,0.06519463333780882,1,0.5543671132195294,DF
2023,18,2023_18_CHI_GB-CHI,2023_18_CLE_CIN-CIN,0.7398722507822,0.7755878446841711,1,1,0.2601277492178,0.22441215531582892,0.058375828859421934,1,0.573835924325793,DF
2023,18,2023_18_CHI_GB-CHI,2023_18_NYJ_NE-NYJ,0.7398722507822,0.828583825175045,1,1,0.2601277492178,0.17141617482495497,0.04459010373674045,1,0.6130461796939854,DD
2023,18,2023_18_CLE_CIN-CIN,2023_18_NYJ_NE-NYJ,0.7755878446841711,0.828583825175045,1,1,0.22441215531582892,0.17141617482495497,0.038467873248463076,1,0.6426395431076792,DF
2023,19,2023_19_CLE_HOU-HOU,2023_19_PHI_TB-TB,0.7416393567181148,0.7490759056139629,1,1,0.25836064328188524,0.25092409438603713,0.06482891044050104,1,0.5555441727725787,DD
2024,3,2024_03_CHI_IND-CHI,2024_03_WAS_CIN-CIN,0.7490759056139629,0.738139885177199,1,0,0.25092409438603713,-0.738139885177199,-0.18521708221830208,0,0.5529228029588968,DF
2024,4,2024_04_BUF_BAL-BUF,2024_04_CLE_LV-LV,0.7364412874896358,0.7781352362117708,0,1,-0.7364412874896358,0.22186476378822917,-0.1633903722927874,0,0.5730509151968484,DD
2024,4,2024_04_BUF_BAL-BUF,2024_04_DEN_NYJ-NYJ,0.7364412874896358,0.763687185980531,0,0,-0.7364412874896358,-0.763687185980531,0.5624107744828392,0,0.5624107744828392,DF
2024,4,2024_04_BUF_BAL-BUF,2024_04_KC_LAC-KC,0.7364412874896358,0.7550713499837194,0,1,-0.7364412874896358,0.2449286500162806,-0.1803755703610881,0,0.5560657171285477,DF
2024,4,2024_04_BUF_BAL-BUF,2024_04_MIN_GB-MIN,0.7364412874896358,0.7452818581366227,0,1,-0.7364412874896358,0.25471814186337727,-0.18758495634083325,0,0.5488563311488025,DD
2024,4,2024_04_BUF_BAL-BUF,2024_04_NO_ATL-NO,0.7364412874896358,0.7550713499837194,0,1,-0.7364412874896358,0.2449286500162806,-0.1803755703610881,0,0.5560657171285477,DD
2024,4,2024_04_BUF_BAL-BUF,2024_04_PIT_IND-IND,0.7364412874896358,0.7614624612740131,0,1,-0.7364412874896358,0.23853753872598693,-0.17566889213397466,0,0.5607723953556611,DD
2024,4,2024_04_BUF_BAL-BUF,2024_04_TEN_MIA-TEN,0.7364412874896358,0.7755878446841711,0,1,-0.7364412874896358,0.22441215531582892,-0.16526637658911317,0,0.5711749109005226,DD
2024,4,2024_04_CLE_LV-LV,2024_04_DEN_NYJ-NYJ,0.7781352362117708,0.763687185980531,1,0,0.22186476378822917,-0.763687185980531,-0.16943527712566794,0,0.594251908854863,DF
2024,4,2024_04_CLE_LV-LV,2024_04_KC_LAC-KC,0.7781352362117708,0.7550713499837194,1,1,0.22186476378822917,0.2449286500162806,0.054341037080831954,1,0.5875476232763222,DF
2024,4,2024_04_CLE_LV-LV,2024_04_MIN_GB-MIN,0.7781352362117708,0.7452818581366227,1,1,0.22186476378822917,0.25471814186337727,0.056512980377094846,1,0.5799300747254884,DD
2024,4,2024_04_CLE_LV-LV,2024_04_NO_ATL-NO,0.7781352362117708,0.7550713499837194,1,1,0.22186476378822917,0.2449286500162806,0.054341037080831954,1,0.5875476232763222,DD
2024,4,2024_04_CLE_LV-LV,2024_04_PIT_IND-IND,0.7781352362117708,0.7614624612740131,1,1,0.22186476378822917,0.23853753872598693,0.05292307468406666,1,0.5925207721698506,DD
2024,4,2024_04_CLE_LV-LV,2024_04_TEN_MIA-TEN,0.7781352362117708,0.7755878446841711,1,1,0.22186476378822917,0.22441215531582892,0.049789149830353784,1,0.6035122307262957,DD
2024,4,2024_04_DEN_NYJ-NYJ,2024_04_KC_LAC-KC,0.763687185980531,0.7550713499837194,0,1,-0.763687185980531,0.2449286500162806,-0.18704887149694369,0,0.5766383144835873,FF
2024,4,2024_04_DEN_NYJ-NYJ,2024_04_MIN_GB-MIN,0.763687185980531,0.7452818581366227,0,1,-0.763687185980531,0.25471814186337727,-0.19452498097783227,0,0.5691622050026988,DF
2024,4,2024_04_DEN_NYJ-NYJ,2024_04_NO_ATL-NO,0.763687185980531,0.7550713499837194,0,1,-0.763687185980531,0.2449286500162806,-0.18704887149694369,0,0.5766383144835873,DF
2024,4,2024_04_DEN_NYJ-NYJ,2024_04_PIT_IND-IND,0.763687185980531,0.7614624612740131,0,1,-0.763687185980531,0.23853753872598693,-0.1821680617003709,0,0.5815191242801601,DF
2024,4,2024_04_DEN_NYJ-NYJ,2024_04_TEN_MIA-TEN,0.763687185980531,0.7755878446841711,0,1,-0.763687185980531,0.22441215531582892,-0.17138068739297124,0,0.5923064985875597,DF
2024,4,2024_04_KC_LAC-KC,2024_04_MIN_GB-MIN,0.7550713499837194,0.7452818581366227,1,1,0.2449286500162806,0.25471814186337727,0.06238777062125245,1,0.5627409787415946,DF
2024,4,2024_04_KC_LAC-KC,2024_04_NO_ATL-NO,0.7550713499837194,0.7550713499837194,1,1,0.2449286500162806,0.2449286500162806,0.05999004359879768,1,0.5701327435662364,DF
2024,4,2024_04_KC_LAC-KC,2024_04_PIT_IND-IND,0.7550713499837194,0.7614624612740131,1,1,0.2449286500162806,0.23853753872598693,0.058424677338362235,1,0.5749584885960947,DF
2024,4,2024_04_KC_LAC-KC,2024_04_TEN_MIA-TEN,0.7550713499837194,0.7755878446841711,1,1,0.2449286500162806,0.22441215531582892,0.05496496624874987,1,0.5856241609166404,DF
2024,4,2024_04_MIN_GB-MIN,2024_04_NO_ATL-NO,0.7452818581366227,0.7550713499837194,1,1,0.25471814186337727,0.2449286500162806,0.06238777062125245,1,0.5627409787415946,DD
2024,4,2024_04_MIN_GB-MIN,2024_04_PIT_IND-IND,0.7452818581366227,0.7614624612740131,1,1,0.25471814186337727,0.23853753872598693,0.06075983862894679,1,0.5675041580395825,DD
2024,4,2024_04_MIN_GB-MIN,2024_04_TEN_MIA-TEN,0.7452818581366227,0.7755878446841711,1,1,0.25471814186337727,0.22441215531582892,0.05716184721360357,1,0.5780315500343973,DD
2024,4,2024_04_NO_ATL-NO,2024_04_PIT_IND-IND,0.7550713499837194,0.7614624612740131,1,1,0.2449286500162806,0.23853753872598693,0.058424677338362235,1,0.5749584885960947,DD
2024,4,2024_04_NO_ATL-NO,2024_04_TEN_MIA-TEN,0.7550713499837194,0.7755878446841711,1,1,0.2449286500162806,0.22441215531582892,0.05496496624874987,1,0.5856241609166404,DD
2024,4,2024_04_PIT_IND-IND,2024_04_TEN_MIA-TEN,0.7614624612740131,0.7755878446841711,1,1,0.23853753872598693,0.22441215531582892,0.05353072318923174,1,0.5905810291474158,DD
2024,5,2024_05_DAL_PIT-DAL,2024_05_NYJ_MIN-NYJ,0.7471593818727904,0.7530306580593271,1,1,0.2528406181272096,0.24696934194067288,0.06244388107474992,1,0.5626339210068675,DD
2024,5,2024_05_DAL_PIT-DAL,2024_05_TB_ATL-TB,0.7471593818727904,0.7452818581366227,1,1,0.2528406181272096,0.25471814186337727,0.06440309243695057,1,0.5568443324463637,DD
2024,5,2024_05_NYJ_MIN-NYJ,2024_05_TB_ATL-TB,0.7530306580593271,0.7452818581366227,1,1,0.24696934194067288,0.25471814186337727,0.06290757187634924,1,0.5612200880722991,DD
2024,6,2024_06_IND_TEN-IND,2024_06_JAX_CHI-CHI,0.7530306580593271,0.7434422108808652,1,1,0.24696934194067288,0.25655778911913485,0.06336190834850666,1,0.5598347772886989,DD
2024,8,2024_08_ATL_TB-TB,2024_08_BAL_CLE-BAL,0.734775519361947,0.7434422108808652,1,0,0.26522448063805304,-0.7434422108808652,-0.19717907426528336,0,0.5462631366155818,DF
2024,8,2024_08_ATL_TB-TB,2024_08_CHI_WAS-CHI,0.734775519361947,0.7364412874896358,1,1,0.26522448063805304,0.2635587125103642,0.06990222264319529,1,0.541119029494778,DD
2024,8,2024_08_BAL_CLE-BAL,2024_08_CHI_WAS-CHI,0.7434422108808652,0.7364412874896358,0,1,-0.7434422108808652,0.2635587125103642,-0.1959406719256195,0,0.5475015389552457,DF
2024,9,2024_09_CHI_ARI-CHI,2024_09_HOU_NYJ-HOU,0.7434422108808652,0.7471593818727904,0,1,-0.7434422108808652,0.2528406181272096,-0.18797238814097725,0,0.5554698227398879,DD
2024,9,2024_09_CHI_ARI-CHI,2024_09_JAX_PHI-PHI,0.7434422108808652,0.738139885177199,0,1,-0.7434422108808652,0.261860114822801,-0.1946778627053804,0,0.5487643481754847,DF
2024,9,2024_09_HOU_NYJ-HOU,2024_09_JAX_PHI-PHI,0.7471593818727904,0.738139885177199,1,1,0.2528406181272096,0.261860114822801,0.06620887329465909,1,0.5515081403446485,DF
2024,10,2024_10_DEN_KC-KC,2024_10_PHI_DAL-PHI,0.7510325947045215,0.7434422108808652,1,1,0.24896740529547845,0.25655778911913485,0.06387452706533554,1,0.5583493326507223,FF
2024,10,2024_10_DEN_KC-KC,2024_10_PIT_WAS-PIT,0.7510325947045215,0.7416393567181148,1,1,0.24896740529547845,0.25836064328188524,0.06432337898836166,1,0.5569953304109979,DF
2024,10,2024_10_PHI_DAL-PHI,2024_10_PIT_WAS-PIT,0.7434422108808652,0.7416393567181148,1,1,0.25655778911913485,0.25836064328188524,0.06628443543579794,1,0.5513660030347779,DF
2024,11,2024_11_HOU_DAL-HOU,2024_11_KC_BUF-KC,0.7550713499837194,0.7364412874896358,1,0,0.2449286500162806,-0.7364412874896358,-0.1803755703610881,0,0.5560657171285477,DF
2024,15,2024_15_DAL_CAR-DAL,2024_15_MIA_HOU-MIA,0.7530306580593271,0.7364412874896358,1,1,0.24696934194067288,0.2635587125103642,0.06509092179141564,1,0.5545628673403785,DD
2024,15,2024_15_DAL_CAR-DAL,2024_15_WAS_NO-WAS,0.7530306580593271,0.7434422108808652,1,0,0.24696934194067288,-0.7434422108808652,-0.18360743359216622,0,0.5598347772886989,DF
2024,15,2024_15_MIA_HOU-MIA,2024_15_WAS_NO-WAS,0.7364412874896358,0.7434422108808652,1,0,0.2635587125103642,-0.7434422108808652,-0.1959406719256195,0,0.5475015389552457,DF
2024,16,2024_16_JAX_LV-JAX,2024_16_MIN_SEA-SEA,0.7550713499837194,0.7490759056139629,1,1,0.2449286500162806,0.25092409438603713,0.06145849969452985,1,0.5656057552922121,DD
2024,17,2024_17_DAL_PHI-PHI,2024_17_IND_NYG-IND,0.7730985713961489,0.7592858751269063,1,0,0.2269014286038511,-0.7592858751269063,-0.17228304978502032,0,0.587002825341886,FF
2024,18,2024_18_HOU_TEN-HOU,2024_18_MIA_NYJ-MIA,0.7781352362117708,0.763687185980531,1,0,0.22186476378822917,-0.763687185980531,-0.16943527712566794,0,0.594251908854863,DD
2024,18,2024_18_HOU_TEN-HOU,2024_18_SEA_LA-SEA,0.7781352362117708,0.7682871529359228,1,1,0.22186476378822917,0.23171284706407724,0.05140891608056957,1,0.5978313052282631,DF
2024,18,2024_18_MIA_NYJ-MIA,2024_18_SEA_LA-SEA,0.763687185980531,0.7682871529359228,0,1,-0.763687185980531,0.23171284706407724,-0.1769561321299023,0,0.5867310538506287,DF
2025,1,2025_01_LV_NE-LV,2025_01_MIN_CHI-CHI,0.7434422108808652,0.7471593818727904,1,1,0.25655778911913485,0.2528406181272096,0.06486822998623235,1,0.5554698227398879,DD
2025,1,2025_01_LV_NE-LV,2025_01_SF_SEA-SEA,0.7434422108808652,0.7471593818727904,1,1,0.25655778911913485,0.2528406181272096,0.06486822998623235,1,0.5554698227398879,DD
2025,1,2025_01_LV_NE-LV,2025_01_TEN_DEN-DEN,0.7434422108808652,0.7510325947045215,1,1,0.25655778911913485,0.24896740529547845,0.06387452706533554,1,0.5583493326507223,DF
2025,1,2025_01_MIN_CHI-CHI,2025_01_SF_SEA-SEA,0.7471593818727904,0.7471593818727904,1,1,0.2528406181272096,0.2528406181272096,0.06392837817494942,1,0.5582471419205303,DD
2025,1,2025_01_MIN_CHI-CHI,2025_01_TEN_DEN-DEN,0.7471593818727904,0.7510325947045215,1,1,0.2528406181272096,0.24896740529547845,0.06294907264843629,1,0.5611410492257483,DF
2025,1,2025_01_SF_SEA-SEA,2025_01_TEN_DEN-DEN,0.7471593818727904,0.7510325947045215,1,1,0.2528406181272096,0.24896740529547845,0.06294907264843629,1,0.5611410492257483,DF
2025,2,2025_02_DEN_IND-IND,2025_02_NE_MIA-NE,0.7471593818727904,0.7471593818727904,1,1,0.2528406181272096,0.2528406181272096,0.06392837817494942,1,0.5582471419205303,DD
2025,2,2025_02_DEN_IND-IND,2025_02_PHI_KC-KC,0.7471593818727904,0.7364412874896358,1,1,0.2528406181272096,0.2635587125103642,0.06663834778393202,1,0.5502390171463583,DD
2025,2,2025_02_DEN_IND-IND,2025_02_TB_HOU-TB,0.7471593818727904,0.7510325947045215,1,1,0.2528406181272096,0.24896740529547845,0.06294907264843629,1,0.5611410492257483,DD
2025,2,2025_02_NE_MIA-NE,2025_02_PHI_KC-KC,0.7471593818727904,0.7364412874896358,1,1,0.2528406181272096,0.2635587125103642,0.06663834778393202,1,0.5502390171463583,DD
2025,2,2025_02_NE_MIA-NE,2025_02_TB_HOU-TB,0.7471593818727904,0.7510325947045215,1,1,0.2528406181272096,0.24896740529547845,0.06294907264843629,1,0.5611410492257483,DD
2025,2,2025_02_PHI_KC-KC,2025_02_TB_HOU-TB,0.7364412874896358,0.7510325947045215,1,1,0.2635587125103642,0.24896740529547845,0.06561752879672234,1,0.5530914109908797,DD
2025,3,2025_03_ARI_SF-ARI,2025_03_DEN_LAC-DEN,0.7434422108808652,0.7398722507822,1,1,0.25655778911913485,0.2601277492178,0.06673780022785553,1,0.5500522618909207,DD
2025,3,2025_03_ARI_SF-ARI,2025_03_GB_CLE-GB,0.7434422108808652,0.7550713499837194,1,0,0.25655778911913485,-0.7550713499837194,-0.19371943617902354,0,0.5613519138046958,DF
2025,3,2025_03_ARI_SF-ARI,2025_03_HOU_JAX-HOU,0.7434422108808652,0.7471593818727904,1,1,0.25655778911913485,0.2528406181272096,0.06486822998623235,1,0.5554698227398879,DD
2025,3,2025_03_ARI_SF-ARI,2025_03_LV_WAS-LV,0.7434422108808652,0.7471593818727904,1,0,0.25655778911913485,-0.7471593818727904,-0.1916895591329025,0,0.5554698227398879,DD
2025,3,2025_03_ARI_SF-ARI,2025_03_NO_SEA-SEA,0.7434422108808652,0.7550713499837194,1,1,0.25655778911913485,0.2449286500162806,0.06283835294011131,1,0.5613519138046958,DF
2025,3,2025_03_ARI_SF-ARI,2025_03_PIT_NE-NE,0.7434422108808652,0.7434422108808652,1,1,0.25655778911913485,0.25655778911913485,0.06582189915769847,1,0.5527063209194287,DD
2025,3,2025_03_DEN_LAC-DEN,2025_03_GB_CLE-GB,0.7398722507822,0.7550713499837194,1,0,0.2601277492178,-0.7550713499837194,-0.19641501077011067,0,0.5586563392136087,DF
2025,3,2025_03_DEN_LAC-DEN,2025_03_HOU_JAX-HOU,0.7398722507822,0.7471593818727904,1,1,0.2601277492178,0.2528406181272096,0.06577086090426831,1,0.5528024935592587,DD
2025,3,2025_03_DEN_LAC-DEN,2025_03_LV_WAS-LV,0.7398722507822,0.7471593818727904,1,0,0.2601277492178,-0.7471593818727904,-0.1943568883135317,0,0.5528024935592587,DD
2025,3,2025_03_DEN_LAC-DEN,2025_03_NO_SEA-SEA,0.7398722507822,0.7550713499837194,1,1,0.2601277492178,0.2449286500162806,0.06371273844768935,1,0.5586563392136087,DF
2025,3,2025_03_DEN_LAC-DEN,2025_03_PIT_NE-NE,0.7398722507822,0.7434422108808652,1,1,0.2601277492178,0.25655778911913485,0.06673780022785553,1,0.5500522618909207,DD
2025,3,2025_03_GB_CLE-GB,2025_03_HOU_JAX-HOU,0.7550713499837194,0.7471593818727904,0,1,-0.7550713499837194,0.2528406181272096,-0.19091270686003023,0,0.5641586431236891,DF
2025,3,2025_03_GB_CLE-GB,2025_03_LV_WAS-LV,0.7550713499837194,0.7471593818727904,0,0,-0.7550713499837194,-0.7471593818727904,0.5641586431236891,0,0.5641586431236891,DF
2025,3,2025_03_GB_CLE-GB,2025_03_NO_SEA-SEA,0.7550713499837194,0.7550713499837194,0,1,-0.7550713499837194,0.2449286500162806,-0.18493860641748294,0,0.5701327435662364,FF
2025,3,2025_03_GB_CLE-GB,2025_03_PIT_NE-NE,0.7550713499837194,0.7434422108808652,0,1,-0.7550713499837194,0.25655778911913485,-0.19371943617902354,0,0.5613519138046958,DF
2025,3,2025_03_HOU_JAX-HOU,2025_03_LV_WAS-LV,0.7471593818727904,0.7471593818727904,1,0,0.2528406181272096,-0.7471593818727904,-0.18891223995226017,0,0.5582471419205303,DD
2025,3,2025_03_HOU_JAX-HOU,2025_03_NO_SEA-SEA,0.7471593818727904,0.7550713499837194,1,1,0.2528406181272096,0.2449286500162806,0.06192791126717937,1,0.5641586431236891,DF
2025,3,2025_03_HOU_JAX-HOU,2025_03_PIT_NE-NE,0.7471593818727904,0.7434422108808652,1,1,0.2528406181272096,0.25655778911913485,0.06486822998623235,1,0.5554698227398879,DD
2025,3,2025_03_LV_WAS-LV,2025_03_NO_SEA-SEA,0.7471593818727904,0.7550713499837194,0,1,-0.7471593818727904,0.2449286500162806,-0.18300073874910125,0,0.5641586431236891,DF
2025,3,2025_03_LV_WAS-LV,2025_03_PIT_NE-NE,0.7471593818727904,0.7434422108808652,0,1,-0.7471593818727904,0.25655778911913485,-0.1916895591329025,0,0.5554698227398879,DD
2025,3,2025_03_NO_SEA-SEA,2025_03_PIT_NE-NE,0.7550713499837194,0.7434422108808652,1,1,0.2449286500162806,0.25655778911913485,0.06283835294011131,1,0.5613519138046958,DF
2025,4,2025_04_CIN_DEN-DEN,2025_04_MIN_PIT-PIT,0.7434422108808652,0.7550713499837194,1,1,0.25655778911913485,0.2449286500162806,0.06283835294011131,1,0.5613519138046958,DF
2025,4,2025_04_CIN_DEN-DEN,2025_04_NYJ_MIA-NYJ,0.7434422108808652,0.7434422108808652,1,1,0.25655778911913485,0.25655778911913485,0.06582189915769847,1,0.5527063209194287,DF
2025,4,2025_04_CIN_DEN-DEN,2025_04_SEA_ARI-ARI,0.7434422108808652,0.7471593818727904,1,1,0.25655778911913485,0.2528406181272096,0.06486822998623235,1,0.5554698227398879,DF
2025,4,2025_04_CIN_DEN-DEN,2025_04_TEN_HOU-HOU,0.7434422108808652,0.763687185980531,1,1,0.25655778911913485,0.23631281401946902,0.06062789310535627,1,0.5677572899667523,FF
2025,4,2025_04_CIN_DEN-DEN,2025_04_WAS_ATL-WAS,0.7434422108808652,0.7471593818727904,1,1,0.25655778911913485,0.2528406181272096,0.06486822998623235,1,0.5554698227398879,DF
2025,4,2025_04_MIN_PIT-PIT,2025_04_NYJ_MIA-NYJ,0.7550713499837194,0.7434422108808652,1,1,0.2449286500162806,0.25655778911913485,0.06283835294011131,1,0.5613519138046958,DD
2025,4,2025_04_MIN_PIT-PIT,2025_04_SEA_ARI-ARI,0.7550713499837194,0.7471593818727904,1,1,0.2449286500162806,0.2528406181272096,0.06192791126717937,1,0.5641586431236891,DD
2025,4,2025_04_MIN_PIT-PIT,2025_04_TEN_HOU-HOU,0.7550713499837194,0.763687185980531,1,1,0.2449286500162806,0.23631281401946902,0.05787977851933694,1,0.5766383144835873,DF
2025,4,2025_04_MIN_PIT-PIT,2025_04_WAS_ATL-WAS,0.7550713499837194,0.7471593818727904,1,1,0.2449286500162806,0.2528406181272096,0.06192791126717937,1,0.5641586431236891,DD
2025,4,2025_04_NYJ_MIA-NYJ,2025_04_SEA_ARI-ARI,0.7434422108808652,0.7471593818727904,1,1,0.25655778911913485,0.2528406181272096,0.06486822998623235,1,0.5554698227398879,DD
2025,4,2025_04_NYJ_MIA-NYJ,2025_04_TEN_HOU-HOU,0.7434422108808652,0.763687185980531,1,1,0.25655778911913485,0.23631281401946902,0.06062789310535627,1,0.5677572899667523,DF
2025,4,2025_04_NYJ_MIA-NYJ,2025_04_WAS_ATL-WAS,0.7434422108808652,0.7471593818727904,1,1,0.25655778911913485,0.2528406181272096,0.06486822998623235,1,0.5554698227398879,DD
2025,4,2025_04_SEA_ARI-ARI,2025_04_TEN_HOU-HOU,0.7471593818727904,0.763687185980531,1,1,0.2528406181272096,0.23631281401946902,0.05974947796806287,1,0.5705960458213842,DF
2025,4,2025_04_SEA_ARI-ARI,2025_04_WAS_ATL-WAS,0.7471593818727904,0.7471593818727904,1,1,0.2528406181272096,0.2528406181272096,0.06392837817494942,1,0.5582471419205303,DD
2025,4,2025_04_TEN_HOU-HOU,2025_04_WAS_ATL-WAS,0.763687185980531,0.7471593818727904,1,1,0.23631281401946902,0.2528406181272096,0.05974947796806287,1,0.5705960458213842,DF
2025,5,2025_05_HOU_BAL-BAL,2025_05_MIA_CAR-CAR,0.7550713499837194,0.7434422108808652,0,1,-0.7550713499837194,0.25655778911913485,-0.19371943617902354,0,0.5613519138046958,DD
2025,5,2025_05_HOU_BAL-BAL,2025_05_NYG_NO-NYG,0.7550713499837194,0.7550713499837194,0,0,-0.7550713499837194,-0.7550713499837194,0.5701327435662364,0,0.5701327435662364,DD
2025,5,2025_05_HOU_BAL-BAL,2025_05_SF_LA-LA,0.7550713499837194,0.7471593818727904,0,0,-0.7550713499837194,-0.7471593818727904,0.5641586431236891,0,0.5641586431236891,DF
2025,5,2025_05_HOU_BAL-BAL,2025_05_TEN_ARI-ARI,0.7550713499837194,0.7550713499837194,0,0,-0.7550713499837194,-0.7550713499837194,0.5701327435662364,0,0.5701327435662364,DF
2025,5,2025_05_MIA_CAR-CAR,2025_05_NYG_NO-NYG,0.7434422108808652,0.7550713499837194,1,0,0.25655778911913485,-0.7550713499837194,-0.19371943617902354,0,0.5613519138046958,DD
2025,5,2025_05_MIA_CAR-CAR,2025_05_SF_LA-LA,0.7434422108808652,0.7471593818727904,1,0,0.25655778911913485,-0.7471593818727904,-0.1916895591329025,0,0.5554698227398879,DF
2025,5,2025_05_MIA_CAR-CAR,2025_05_TEN_ARI-ARI,0.7434422108808652,0.7550713499837194,1,0,0.25655778911913485,-0.7550713499837194,-0.19371943617902354,0,0.5613519138046958,DF
2025,5,2025_05_NYG_NO-NYG,2025_05_SF_LA-LA,0.7550713499837194,0.7471593818727904,0,0,-0.7550713499837194,-0.7471593818727904,0.5641586431236891,0,0.5641586431236891,DF
2025,5,2025_05_NYG_NO-NYG,2025_05_TEN_ARI-ARI,0.7550713499837194,0.7550713499837194,0,0,-0.7550713499837194,-0.7550713499837194,0.5701327435662364,0,0.5701327435662364,DF
2025,5,2025_05_SF_LA-LA,2025_05_TEN_ARI-ARI,0.7471593818727904,0.7550713499837194,0,0,-0.7471593818727904,-0.7550713499837194,0.5641586431236891,0,0.5641586431236891,FF
2025,6,2025_06_ARI_IND-IND,2025_06_DEN_NYJ-DEN,0.7364412874896358,0.7471593818727904,1,1,0.2635587125103642,0.2528406181272096,0.06663834778393202,1,0.5502390171463583,FF
2025,7,2025_07_ATL_SF-ATL,2025_07_CAR_NYJ-CAR,0.7364412874896358,0.763687185980531,0,1,-0.7364412874896358,0.23631281401946902,-0.17403051300679662,0,0.5624107744828392,DD
2025,7,2025_07_ATL_SF-ATL,2025_07_MIA_CLE-MIA,0.7364412874896358,0.7889449495700298,0,0,-0.7364412874896358,-0.7889449495700298,0.5810116344197985,0,0.5810116344197985,DD
2025,7,2025_07_ATL_SF-ATL,2025_07_NYG_DEN-DEN,0.7364412874896358,0.763687185980531,0,0,-0.7364412874896358,-0.763687185980531,0.5624107744828392,0,0.5624107744828392,DF
2025,7,2025_07_ATL_SF-ATL,2025_07_PHI_MIN-MIN,0.7364412874896358,0.7471593818727904,0,1,-0.7364412874896358,0.2528406181272096,-0.18620227034327758,0,0.5502390171463583,DD
2025,7,2025_07_CAR_NYJ-CAR,2025_07_MIA_CLE-MIA,0.763687185980531,0.7889449495700298,1,0,0.23631281401946902,-0.7889449495700298,-0.18643780113934183,0,0.602507148430688,DD
2025,7,2025_07_CAR_NYJ-CAR,2025_07_NYG_DEN-DEN,0.763687185980531,0.763687185980531,1,0,0.23631281401946902,-0.763687185980531,-0.18046906794966885,0,0.5832181180308621,DF
2025,7,2025_07_CAR_NYJ-CAR,2025_07_PHI_MIN-MIN,0.763687185980531,0.7471593818727904,1,1,0.23631281401946902,0.2528406181272096,0.05974947796806287,1,0.5705960458213842,DD
2025,7,2025_07_MIA_CLE-MIA,2025_07_NYG_DEN-DEN,0.7889449495700298,0.763687185980531,0,0,-0.7889449495700298,-0.763687185980531,0.602507148430688,0,0.602507148430688,DF
2025,7,2025_07_MIA_CLE-MIA,2025_07_PHI_MIN-MIN,0.7889449495700298,0.7471593818727904,0,1,-0.7889449495700298,0.2528406181272096,-0.19947732871762652,0,0.5894676208524032,DD
2025,7,2025_07_NYG_DEN-DEN,2025_07_PHI_MIN-MIN,0.763687185980531,0.7471593818727904,0,1,-0.763687185980531,0.2528406181272096,-0.19309114015914672,0,0.5705960458213842,DF
2025,8,2025_08_CHI_BAL-CHI,2025_08_SF_HOU-SF,0.7398722507822,0.7550713499837194,0,0,-0.7398722507822,-0.7550713499837194,0.5586563392136087,0,0.5586563392136087,DD
2025,9,2025_09_DEN_HOU-DEN,2025_09_JAX_LV-LV,0.7592858751269063,0.7471593818727904,1,1,0.24071412487309374,0.2528406181272096,0.06086230812486334,1,0.56730756512456,DD
2025,10,2025_10_CLE_NYJ-NYJ,2025_10_JAX_HOU-HOU,0.7730985713961489,0.7730985713961489,1,1,0.2269014286038511,0.2269014286038511,0.051484258302468534,1,0.5976814010947663,DD
2025,10,2025_10_CLE_NYJ-NYJ,2025_10_PHI_GB-PHI,0.7730985713961489,0.7398722507822,1,1,0.2269014286038511,0.2601277492178,0.059023357917023136,1,0.5719941800953721,DD
2025,10,2025_10_JAX_HOU-HOU,2025_10_PHI_GB-PHI,0.7730985713961489,0.7398722507822,1,1,0.2269014286038511,0.2601277492178,0.059023357917023136,1,0.5719941800953721,DD
2025,11,2025_11_BAL_CLE-BAL,2025_11_DET_PHI-DET,0.7730985713961489,0.7364412874896358,1,1,0.2269014286038511,0.2635587125103642,0.05980184838959333,1,0.569341707275378,DF
2025,11,2025_11_BAL_CLE-BAL,2025_11_GB_NYG-GB,0.7730985713961489,0.7550713499837194,1,1,0.2269014286038511,0.2449286500162806,0.055574660594706726,1,0.583744581974575,FF
2025,11,2025_11_DET_PHI-DET,2025_11_GB_NYG-GB,0.7364412874896358,0.7550713499837194,1,1,0.2635587125103642,0.2449286500162806,0.06455307965519252,1,0.5560657171285477,DF
2025,14,2025_14_DEN_LV-DEN,2025_14_IND_JAX-JAX,0.7592858751269063,0.7434422108808652,1,1,0.24071412487309374,0.25655778911913485,0.061757083687188276,1,0.5644851696949597,DF
2025,14,2025_14_DEN_LV-DEN,2025_14_MIA_NYJ-NYJ,0.7592858751269063,0.7550713499837194,1,0,0.24071412487309374,-0.7550713499837194,-0.1817563392280765,0,0.5733150107556428,DF
2025,14,2025_14_DEN_LV-DEN,2025_14_NO_TB-TB,0.7592858751269063,0.7550713499837194,1,0,0.24071412487309374,-0.7550713499837194,-0.1817563392280765,0,0.5733150107556428,FF
2025,14,2025_14_DEN_LV-DEN,2025_14_PHI_LAC-LAC,0.7592858751269063,0.7550713499837194,1,1,0.24071412487309374,0.2449286500162806,0.05895778564501725,1,0.5733150107556428,DF
2025,14,2025_14_DEN_LV-DEN,2025_14_WAS_MIN-MIN,0.7592858751269063,0.7471593818727904,1,1,0.24071412487309374,0.2528406181272096,0.06086230812486334,1,0.56730756512456,DF
2025,14,2025_14_IND_JAX-JAX,2025_14_MIA_NYJ-NYJ,0.7434422108808652,0.7550713499837194,1,0,0.25655778911913485,-0.7550713499837194,-0.19371943617902354,0,0.5613519138046958,DD
2025,14,2025_14_IND_JAX-JAX,2025_14_NO_TB-TB,0.7434422108808652,0.7550713499837194,1,0,0.25655778911913485,-0.7550713499837194,-0.19371943617902354,0,0.5613519138046958,DF
2025,14,2025_14_IND_JAX-JAX,2025_14_PHI_LAC-LAC,0.7434422108808652,0.7550713499837194,1,1,0.25655778911913485,0.2449286500162806,0.06283835294011131,1,0.5613519138046958,DD
2025,14,2025_14_IND_JAX-JAX,2025_14_WAS_MIN-MIN,0.7434422108808652,0.7471593818727904,1,1,0.25655778911913485,0.2528406181272096,0.06486822998623235,1,0.5554698227398879,DD
2025,14,2025_14_MIA_NYJ-NYJ,2025_14_NO_TB-TB,0.7550713499837194,0.7550713499837194,0,0,-0.7550713499837194,-0.7550713499837194,0.5701327435662364,0,0.5701327435662364,DF
2025,14,2025_14_MIA_NYJ-NYJ,2025_14_PHI_LAC-LAC,0.7550713499837194,0.7550713499837194,0,1,-0.7550713499837194,0.2449286500162806,-0.18493860641748294,0,0.5701327435662364,DD
2025,14,2025_14_MIA_NYJ-NYJ,2025_14_WAS_MIN-MIN,0.7550713499837194,0.7471593818727904,0,1,-0.7550713499837194,0.2528406181272096,-0.19091270686003023,0,0.5641586431236891,DD
2025,14,2025_14_NO_TB-TB,2025_14_PHI_LAC-LAC,0.7550713499837194,0.7550713499837194,0,1,-0.7550713499837194,0.2449286500162806,-0.18493860641748294,0,0.5701327435662364,DF
2025,14,2025_14_NO_TB-TB,2025_14_WAS_MIN-MIN,0.7550713499837194,0.7471593818727904,0,1,-0.7550713499837194,0.2528406181272096,-0.19091270686003023,0,0.5641586431236891,DF
2025,14,2025_14_PHI_LAC-LAC,2025_14_WAS_MIN-MIN,0.7550713499837194,0.7471593818727904,1,1,0.2449286500162806,0.2528406181272096,0.06192791126717937,1,0.5641586431236891,DD
2025,15,2025_15_CAR_NO-NO,2025_15_CLE_CHI-CHI,0.7550713499837194,0.7682871529359228,1,1,0.2449286500162806,0.23171284706407724,0.05675311482283333,1,0.5801116177424754,DF
2025,15,2025_15_CAR_NO-NO,2025_15_GB_DEN-DEN,0.7550713499837194,0.7510325947045215,1,1,0.2449286500162806,0.24896740529547845,0.06097925047707773,1,0.5670831951653187,DD
2025,15,2025_15_CAR_NO-NO,2025_15_WAS_NYG-WAS,0.7550713499837194,0.7364412874896358,1,1,0.2449286500162806,0.2635587125103642,0.06455307965519252,1,0.5560657171285477,DD
2025,15,2025_15_CLE_CHI-CHI,2025_15_GB_DEN-DEN,0.7682871529359228,0.7510325947045215,1,1,0.23171284706407724,0.24896740529547845,0.057688946307171335,1,0.5770086939476157,DF
2025,15,2025_15_CLE_CHI-CHI,2025_15_WAS_NYG-WAS,0.7682871529359228,0.7364412874896358,1,1,0.23171284706407724,0.2635587125103642,0.06106993964431913,1,0.5657983800698777,DF
2025,15,2025_15_GB_DEN-DEN,2025_15_WAS_NYG-WAS,0.7510325947045215,0.7364412874896358,1,1,0.24896740529547845,0.2635587125103642,0.06561752879672234,1,0.5530914109908797,DD
2025,16,2025_16_GB_CHI-GB,2025_16_LA_SEA-LA,0.7398722507822,0.7510325947045215,1,1,0.2601277492178,0.24896740529547845,0.0647633307681086,1,0.5556681762548301,DD
2025,16,2025_16_GB_CHI-GB,2025_16_MIN_NYG-NYG,0.7398722507822,0.7550713499837194,1,1,0.2601277492178,0.2449286500162806,0.06371273844768935,1,0.5586563392136087,DD
2025,16,2025_16_LA_SEA-LA,2025_16_MIN_NYG-NYG,0.7510325947045215,0.7550713499837194,1,1,0.24896740529547845,0.2449286500162806,0.06097925047707773,1,0.5670831951653187,DD
2025,17,2025_17_BAL_GB-BAL,2025_17_HOU_LAC-HOU,0.7682871529359228,0.7592858751269063,1,1,0.23171284706407724,0.24071412487309374,0.05577655520288236,1,0.5833495832657114,DD
2025,17,2025_17_BAL_GB-BAL,2025_17_NO_TEN-TEN,0.7682871529359228,0.763687185980531,1,0,0.23171284706407724,-0.763687185980531,-0.1769561321299023,0,0.5867310538506287,DD
2025,17,2025_17_HOU_LAC-HOU,2025_17_NO_TEN-TEN,0.7592858751269063,0.763687185980531,1,0,0.24071412487309374,-0.763687185980531,-0.1838302926500991,0,0.5798568933304319,DD
