label,procedure,price_2team,price_3team,eligible_positive_ev_tickets,tickets_selected,betting_weeks,weeks_with_construction,zero_bet_weeks,units_staked,wins,losses,outcome_hit_rate,hypothetical_profit_loss,hypothetical_roi,block,scenario,american_2team,american_3team,boot_weeks,roi_ci_low,roi_ci_high,boot_note
,frozen greedy + cap,1.0,,174,138,64,64,30,138.0,77,61,0.5579710144927537,16.0,0.11594202898550725,2018-2023 validation,2-team only,-100.0,,64,-0.11594202898550725,0.3384615384615385,"Week-cluster bootstrap, 50,000 resamples, seed 20260919."
,frozen greedy + cap,0.9090909090909091,,174,138,64,64,30,138.0,77,61,0.5579710144927537,8.999999999999996,0.0652173913043478,2018-2023 validation,2-team only,-110.0,,64,-0.15612648221343875,0.27762237762237757,"Week-cluster bootstrap, 50,000 resamples, seed 20260919."
,frozen greedy + cap,0.8333333333333334,,158,124,61,64,33,124.0,66,58,0.532258064516129,-2.9999999999999956,-0.02419354838709674,2018-2023 validation,2-team only,-120.0,,61,-0.25072463768115943,0.19696969696969702,"Week-cluster bootstrap, 50,000 resamples, seed 20260919."
,frozen greedy + cap,0.7692307692307693,,74,63,30,64,64,63.0,38,25,0.6031746031746031,4.230769230769232,0.06715506715506717,2018-2023 validation,2-team only,-130.0,,30,-0.2203389830508474,0.33417402269861296,"Week-cluster bootstrap, 50,000 resamples, seed 20260919."
,frozen greedy + cap,0.7142857142857143,,21,19,11,64,83,19.0,10,9,0.5263157894736842,-1.8571428571428568,-0.09774436090225562,2018-2023 validation,2-team only,-140.0,,11,-0.5714285714285714,0.3877551020408162,"Week-cluster bootstrap, 50,000 resamples, seed 20260919."
,frozen greedy + cap,0.6666666666666666,,4,4,3,64,91,4.0,2,2,0.5,-0.6666666666666669,-0.1666666666666667,2018-2023 validation,2-team only,-150.0,,3,,,Only 3 betting weeks: too few for a meaningful interval. No confidence interval is reported.
,frozen greedy + cap,,1.0,0,0,0,64,94,0.0,0,0,,0.0,,2018-2023 validation,3-team only,,100.0,0,,,Only 0 betting weeks: too few for a meaningful interval. No confidence interval is reported.
,frozen greedy + cap,,1.1,0,0,0,64,94,0.0,0,0,,0.0,,2018-2023 validation,3-team only,,110.0,0,,,Only 0 betting weeks: too few for a meaningful interval. No confidence interval is reported.
,frozen greedy + cap,,1.2,2,2,2,64,92,2.0,1,1,0.5,0.19999999999999996,0.09999999999999998,2018-2023 validation,3-team only,,120.0,2,,,Only 2 betting weeks: too few for a meaningful interval. No confidence interval is reported.
,frozen greedy + cap,,1.3,20,16,11,64,83,16.0,6,10,0.375,-2.1999999999999997,-0.13749999999999998,2018-2023 validation,3-team only,,130.0,11,-0.7125,0.5333333333333333,"Week-cluster bootstrap, 50,000 resamples, seed 20260919."
,frozen greedy + cap,,1.4,53,36,26,64,68,36.0,19,17,0.5277777777777778,9.599999999999998,0.2666666666666666,2018-2023 validation,3-team only,,140.0,26,-0.20000000000000004,0.7333333333333332,"Week-cluster bootstrap, 50,000 resamples, seed 20260919."
,frozen greedy + cap,,1.5,72,48,36,64,58,48.0,25,23,0.5208333333333334,14.5,0.3020833333333333,2018-2023 validation,3-team only,,150.0,36,-0.11764705882352941,0.71875,"Week-cluster bootstrap, 50,000 resamples, seed 20260919."
,frozen greedy + cap,,1.6,73,49,37,64,57,49.0,26,23,0.5306122448979592,18.600000000000005,0.379591836734694,2018-2023 validation,3-team only,,160.0,37,-0.054545454545454515,0.8040816326530615,"Week-cluster bootstrap, 50,000 resamples, seed 20260919."
,frozen greedy + cap,,1.7,73,49,37,64,57,49.0,26,23,0.5306122448979592,21.2,0.43265306122448977,2018-2023 validation,3-team only,,170.0,37,-0.018181818181818195,0.8734693877551021,"Week-cluster bootstrap, 50,000 resamples, seed 20260919."
,frozen greedy + cap,,1.8,73,49,37,64,57,49.0,26,23,0.5306122448979592,23.8,0.4857142857142857,2018-2023 validation,3-team only,,180.0,37,0.018181818181818184,0.942857142857143,"Week-cluster bootstrap, 50,000 resamples, seed 20260919."
,frozen greedy + cap,1.0,1.0,174,138,64,64,30,138.0,77,61,0.5579710144927537,16.0,0.11594202898550725,2018-2023 validation,combined (paired),-100.0,100.0,64,-0.11594202898550725,0.3384615384615385,"Week-cluster bootstrap, 50,000 resamples, seed 20260919."
,frozen greedy + cap,0.9090909090909091,1.1,174,138,64,64,30,138.0,77,61,0.5579710144927537,8.999999999999996,0.0652173913043478,2018-2023 validation,combined (paired),-110.0,110.0,64,-0.15612648221343875,0.27762237762237757,"Week-cluster bootstrap, 50,000 resamples, seed 20260919."
,frozen greedy + cap,0.8333333333333334,1.2,160,124,61,64,33,124.0,66,58,0.532258064516129,-2.9999999999999956,-0.02419354838709674,2018-2023 validation,combined (paired),-120.0,120.0,61,-0.25072463768115943,0.19696969696969702,"Week-cluster bootstrap, 50,000 resamples, seed 20260919."
,frozen greedy + cap,0.7692307692307693,1.3,94,61,30,64,64,61.0,37,24,0.6065573770491803,4.992307692307692,0.08184110970996217,2018-2023 validation,combined (paired),-130.0,130.0,30,-0.20248520710059173,0.3482758620689655,"Week-cluster bootstrap, 50,000 resamples, seed 20260919."
,frozen greedy + cap,0.7142857142857143,1.4,74,42,27,64,67,42.0,22,20,0.5238095238095238,8.74285714285714,0.2081632653061224,2018-2023 validation,combined (paired),-140.0,140.0,27,-0.2351648351648352,0.644155844155844,"Week-cluster bootstrap, 50,000 resamples, seed 20260919."
,frozen greedy + cap,0.6666666666666666,1.5,76,50,36,64,58,50.0,26,24,0.52,14.166666666666666,0.2833333333333333,2018-2023 validation,combined (paired),-150.0,150.0,36,-0.1326530612244898,0.6987179487179487,"Week-cluster bootstrap, 50,000 resamples, seed 20260919."
,flat eligibility (control),1.0,,174,174,64,64,30,174.0,104,70,0.5977011494252874,34.0,0.19540229885057472,2018-2023 validation,2-team only,-100.0,,64,,,control; interval not computed
,flat eligibility (control),0.9090909090909091,,174,174,64,64,30,174.0,104,70,0.5977011494252874,24.545454545454547,0.14106583072100315,2018-2023 validation,2-team only,-110.0,,64,,,control; interval not computed
,flat eligibility (control),0.8333333333333334,,158,158,61,64,33,158.0,91,67,0.5759493670886076,8.83333333333334,0.05590717299578063,2018-2023 validation,2-team only,-120.0,,61,,,control; interval not computed
,flat eligibility (control),0.7692307692307693,,74,74,30,64,64,74.0,46,28,0.6216216216216216,7.384615384615387,0.09979209979209983,2018-2023 validation,2-team only,-130.0,,30,,,control; interval not computed
,flat eligibility (control),0.7142857142857143,,21,21,11,64,83,21.0,11,10,0.5238095238095238,-2.1428571428571423,-0.10204081632653059,2018-2023 validation,2-team only,-140.0,,11,,,control; interval not computed
,flat eligibility (control),0.6666666666666666,,4,4,3,64,91,4.0,2,2,0.5,-0.6666666666666669,-0.1666666666666667,2018-2023 validation,2-team only,-150.0,,3,,,control; interval not computed
,flat eligibility (control),,1.0,0,0,0,64,94,0.0,0,0,,0.0,,2018-2023 validation,3-team only,,100.0,0,,,control; interval not computed
,flat eligibility (control),,1.1,0,0,0,64,94,0.0,0,0,,0.0,,2018-2023 validation,3-team only,,110.0,0,,,control; interval not computed
,flat eligibility (control),,1.2,2,2,2,64,92,2.0,1,1,0.5,0.19999999999999996,0.09999999999999998,2018-2023 validation,3-team only,,120.0,2,,,control; interval not computed
,flat eligibility (control),,1.3,20,20,11,64,83,20.0,8,12,0.4,-1.6000000000000003,-0.08000000000000002,2018-2023 validation,3-team only,,130.0,11,,,control; interval not computed
,flat eligibility (control),,1.4,53,53,26,64,68,53.0,28,25,0.5283018867924528,14.199999999999998,0.26792452830188673,2018-2023 validation,3-team only,,140.0,26,,,control; interval not computed
,flat eligibility (control),,1.5,72,72,36,64,58,72.0,40,32,0.5555555555555556,28.0,0.3888888888888889,2018-2023 validation,3-team only,,150.0,36,,,control; interval not computed
,flat eligibility (control),,1.6,73,73,37,64,57,73.0,41,32,0.5616438356164384,33.6,0.4602739726027397,2018-2023 validation,3-team only,,160.0,37,,,control; interval not computed
,flat eligibility (control),,1.7,73,73,37,64,57,73.0,41,32,0.5616438356164384,37.7,0.5164383561643836,2018-2023 validation,3-team only,,170.0,37,,,control; interval not computed
,flat eligibility (control),,1.8,73,73,37,64,57,73.0,41,32,0.5616438356164384,41.8,0.5726027397260274,2018-2023 validation,3-team only,,180.0,37,,,control; interval not computed
,flat eligibility (control),1.0,1.0,174,174,64,64,30,174.0,104,70,0.5977011494252874,34.0,0.19540229885057472,2018-2023 validation,combined (paired),-100.0,100.0,64,,,control; interval not computed
,flat eligibility (control),0.9090909090909091,1.1,174,174,64,64,30,174.0,104,70,0.5977011494252874,24.545454545454547,0.14106583072100315,2018-2023 validation,combined (paired),-110.0,110.0,64,,,control; interval not computed
,flat eligibility (control),0.8333333333333334,1.2,160,160,61,64,33,160.0,92,68,0.575,9.033333333333337,0.05645833333333335,2018-2023 validation,combined (paired),-120.0,120.0,61,,,control; interval not computed
,flat eligibility (control),0.7692307692307693,1.3,94,94,30,64,64,94.0,54,40,0.574468085106383,5.7846153846153845,0.061538461538461535,2018-2023 validation,combined (paired),-130.0,130.0,30,,,control; interval not computed
,flat eligibility (control),0.7142857142857143,1.4,74,74,27,64,67,74.0,39,35,0.527027027027027,12.057142857142853,0.1629343629343629,2018-2023 validation,combined (paired),-140.0,140.0,27,,,control; interval not computed
,flat eligibility (control),0.6666666666666666,1.5,76,76,36,64,58,76.0,42,34,0.5526315789473685,27.333333333333336,0.35964912280701755,2018-2023 validation,combined (paired),-150.0,150.0,36,,,control; interval not computed
,frozen greedy + cap,1.0,,29,26,12,12,5,26.0,13,13,0.5,0.0,0.0,2024,2-team only,-100.0,,12,-0.38461538461538464,0.4166666666666667,"Week-cluster bootstrap, 50,000 resamples, seed 20260919."
,frozen greedy + cap,0.9090909090909091,,29,26,12,12,5,26.0,13,13,0.5,-1.1818181818181817,-0.04545454545454545,2024,2-team only,-110.0,,12,-0.41258741258741255,0.35227272727272724,"Week-cluster bootstrap, 50,000 resamples, seed 20260919."
,frozen greedy + cap,0.8333333333333334,,28,25,12,12,5,25.0,12,13,0.48,-2.999999999999999,-0.11999999999999997,2024,2-team only,-120.0,,12,-0.5175438596491228,0.29012345679012347,"Week-cluster bootstrap, 50,000 resamples, seed 20260919."
,frozen greedy + cap,0.7692307692307693,,11,8,4,12,13,8.0,3,5,0.375,-2.6923076923076925,-0.33653846153846156,2024,2-team only,-130.0,,4,,,Only 4 betting weeks: too few for a meaningful interval. No confidence interval is reported.
,frozen greedy + cap,0.7142857142857143,,9,7,3,12,14,7.0,2,5,0.2857142857142857,-3.571428571428571,-0.5102040816326531,2024,2-team only,-140.0,,3,,,Only 3 betting weeks: too few for a meaningful interval. No confidence interval is reported.
,frozen greedy + cap,0.6666666666666666,,1,1,1,12,16,1.0,1,0,1.0,0.6666666666666666,0.6666666666666666,2024,2-team only,-150.0,,1,,,Only 1 betting weeks: too few for a meaningful interval. No confidence interval is reported.
,frozen greedy + cap,,1.0,0,0,0,12,17,0.0,0,0,,0.0,,2024,3-team only,,100.0,0,,,Only 0 betting weeks: too few for a meaningful interval. No confidence interval is reported.
,frozen greedy + cap,,1.1,0,0,0,12,17,0.0,0,0,,0.0,,2024,3-team only,,110.0,0,,,Only 0 betting weeks: too few for a meaningful interval. No confidence interval is reported.
,frozen greedy + cap,,1.2,3,3,2,12,15,3.0,1,2,0.3333333333333333,-0.8,-0.26666666666666666,2024,3-team only,,120.0,2,,,Only 2 betting weeks: too few for a meaningful interval. No confidence interval is reported.
,frozen greedy + cap,,1.3,5,3,2,12,15,3.0,1,2,0.3333333333333333,-0.7,-0.2333333333333333,2024,3-team only,,130.0,2,,,Only 2 betting weeks: too few for a meaningful interval. No confidence interval is reported.
,frozen greedy + cap,,1.4,6,4,3,12,14,4.0,2,2,0.5,0.7999999999999998,0.19999999999999996,2024,3-team only,,140.0,3,,,Only 3 betting weeks: too few for a meaningful interval. No confidence interval is reported.
,frozen greedy + cap,,1.5,10,8,7,12,10,8.0,3,5,0.375,-0.5,-0.0625,2024,3-team only,,150.0,7,,,Only 7 betting weeks: too few for a meaningful interval. No confidence interval is reported.
,frozen greedy + cap,,1.6,10,8,7,12,10,8.0,3,5,0.375,-0.19999999999999973,-0.024999999999999967,2024,3-team only,,160.0,7,,,Only 7 betting weeks: too few for a meaningful interval. No confidence interval is reported.
,frozen greedy + cap,,1.7,10,8,7,12,10,8.0,3,5,0.375,0.09999999999999987,0.012499999999999983,2024,3-team only,,170.0,7,,,Only 7 betting weeks: too few for a meaningful interval. No confidence interval is reported.
,frozen greedy + cap,,1.8,10,8,7,12,10,8.0,3,5,0.375,0.40000000000000013,0.05000000000000002,2024,3-team only,,180.0,7,,,Only 7 betting weeks: too few for a meaningful interval. No confidence interval is reported.
,frozen greedy + cap,1.0,1.0,29,26,12,12,5,26.0,13,13,0.5,0.0,0.0,2024,combined (paired),-100.0,100.0,12,-0.38461538461538464,0.4166666666666667,"Week-cluster bootstrap, 50,000 resamples, seed 20260919."
,frozen greedy + cap,0.9090909090909091,1.1,29,26,12,12,5,26.0,13,13,0.5,-1.1818181818181817,-0.04545454545454545,2024,combined (paired),-110.0,110.0,12,-0.41258741258741255,0.35227272727272724,"Week-cluster bootstrap, 50,000 resamples, seed 20260919."
,frozen greedy + cap,0.8333333333333334,1.2,31,25,12,12,5,25.0,12,13,0.48,-2.999999999999999,-0.11999999999999997,2024,combined (paired),-120.0,120.0,12,-0.5175438596491228,0.29012345679012347,"Week-cluster bootstrap, 50,000 resamples, seed 20260919."
,frozen greedy + cap,0.7692307692307693,1.3,16,8,4,12,13,8.0,3,5,0.375,-2.6923076923076925,-0.33653846153846156,2024,combined (paired),-130.0,130.0,4,,,Only 4 betting weeks: too few for a meaningful interval. No confidence interval is reported.
,frozen greedy + cap,0.7142857142857143,1.4,15,6,4,12,13,6.0,3,3,0.5,0.5142857142857141,0.08571428571428569,2024,combined (paired),-140.0,140.0,4,,,Only 4 betting weeks: too few for a meaningful interval. No confidence interval is reported.
,frozen greedy + cap,0.6666666666666666,1.5,11,8,7,12,10,8.0,3,5,0.375,-0.5,-0.0625,2024,combined (paired),-150.0,150.0,7,,,Only 7 betting weeks: too few for a meaningful interval. No confidence interval is reported.
,flat eligibility (control),1.0,,29,29,12,12,5,29.0,15,14,0.5172413793103449,1.0,0.034482758620689655,2024,2-team only,-100.0,,12,,,control; interval not computed
,flat eligibility (control),0.9090909090909091,,29,29,12,12,5,29.0,15,14,0.5172413793103449,-0.3636363636363633,-0.012539184952978046,2024,2-team only,-110.0,,12,,,control; interval not computed
,flat eligibility (control),0.8333333333333334,,28,28,12,12,5,28.0,14,14,0.5,-2.3333333333333326,-0.0833333333333333,2024,2-team only,-120.0,,12,,,control; interval not computed
,flat eligibility (control),0.7692307692307693,,11,11,4,12,13,11.0,5,6,0.45454545454545453,-2.1538461538461537,-0.1958041958041958,2024,2-team only,-130.0,,4,,,control; interval not computed
,flat eligibility (control),0.7142857142857143,,9,9,3,12,14,9.0,4,5,0.4444444444444444,-2.142857142857143,-0.23809523809523808,2024,2-team only,-140.0,,3,,,control; interval not computed
,flat eligibility (control),0.6666666666666666,,1,1,1,12,16,1.0,1,0,1.0,0.6666666666666666,0.6666666666666666,2024,2-team only,-150.0,,1,,,control; interval not computed
,flat eligibility (control),,1.0,0,0,0,12,17,0.0,0,0,,0.0,,2024,3-team only,,100.0,0,,,control; interval not computed
,flat eligibility (control),,1.1,0,0,0,12,17,0.0,0,0,,0.0,,2024,3-team only,,110.0,0,,,control; interval not computed
,flat eligibility (control),,1.2,3,3,2,12,15,3.0,1,2,0.3333333333333333,-0.8,-0.26666666666666666,2024,3-team only,,120.0,2,,,control; interval not computed
,flat eligibility (control),,1.3,5,5,2,12,15,5.0,1,4,0.2,-2.7,-0.54,2024,3-team only,,130.0,2,,,control; interval not computed
,flat eligibility (control),,1.4,6,6,3,12,14,6.0,2,4,0.3333333333333333,-1.2000000000000002,-0.20000000000000004,2024,3-team only,,140.0,3,,,control; interval not computed
,flat eligibility (control),,1.5,10,10,7,12,10,10.0,3,7,0.3,-2.5,-0.25,2024,3-team only,,150.0,7,,,control; interval not computed
,flat eligibility (control),,1.6,10,10,7,12,10,10.0,3,7,0.3,-2.1999999999999997,-0.21999999999999997,2024,3-team only,,160.0,7,,,control; interval not computed
,flat eligibility (control),,1.7,10,10,7,12,10,10.0,3,7,0.3,-1.9000000000000001,-0.19,2024,3-team only,,170.0,7,,,control; interval not computed
,flat eligibility (control),,1.8,10,10,7,12,10,10.0,3,7,0.3,-1.5999999999999999,-0.15999999999999998,2024,3-team only,,180.0,7,,,control; interval not computed
,flat eligibility (control),1.0,1.0,29,29,12,12,5,29.0,15,14,0.5172413793103449,1.0,0.034482758620689655,2024,combined (paired),-100.0,100.0,12,,,control; interval not computed
,flat eligibility (control),0.9090909090909091,1.1,29,29,12,12,5,29.0,15,14,0.5172413793103449,-0.3636363636363633,-0.012539184952978046,2024,combined (paired),-110.0,110.0,12,,,control; interval not computed
,flat eligibility (control),0.8333333333333334,1.2,31,31,12,12,5,31.0,15,16,0.4838709677419355,-3.133333333333332,-0.10107526881720426,2024,combined (paired),-120.0,120.0,12,,,control; interval not computed
,flat eligibility (control),0.7692307692307693,1.3,16,16,4,12,13,16.0,6,10,0.375,-4.853846153846154,-0.30336538461538465,2024,combined (paired),-130.0,130.0,4,,,control; interval not computed
,flat eligibility (control),0.7142857142857143,1.4,15,15,4,12,13,15.0,6,9,0.4,-3.342857142857143,-0.22285714285714286,2024,combined (paired),-140.0,140.0,4,,,control; interval not computed
,flat eligibility (control),0.6666666666666666,1.5,11,11,7,12,10,11.0,4,7,0.36363636363636365,-1.8333333333333335,-0.16666666666666669,2024,combined (paired),-150.0,150.0,7,,,control; interval not computed
,frozen greedy + cap,1.0,,63,39,15,15,4,39.0,25,14,0.6410256410256411,11.0,0.28205128205128205,2025,2-team only,-100.0,,15,-0.2,0.7297297297297297,"Week-cluster bootstrap, 50,000 resamples, seed 20260919."
,frozen greedy + cap,0.9090909090909091,,63,39,15,15,4,39.0,25,14,0.6410256410256411,8.727272727272725,0.22377622377622372,2025,2-team only,-110.0,,15,-0.23636363636363636,0.6511056511056511,"Week-cluster bootstrap, 50,000 resamples, seed 20260919."
,frozen greedy + cap,0.8333333333333334,,63,39,15,15,4,39.0,25,14,0.6410256410256411,6.833333333333333,0.1752136752136752,2025,2-team only,-120.0,,15,-0.2666666666666666,0.5855855855855856,"Week-cluster bootstrap, 50,000 resamples, seed 20260919."
,frozen greedy + cap,0.7692307692307693,,33,25,11,15,8,25.0,13,12,0.52,-1.9999999999999996,-0.07999999999999999,2025,2-team only,-130.0,,11,-0.5787545787545787,0.4615384615384616,"Week-cluster bootstrap, 50,000 resamples, seed 20260919."
,frozen greedy + cap,0.7142857142857143,,7,6,4,15,15,6.0,3,3,0.5,-0.8571428571428569,-0.14285714285714282,2025,2-team only,-140.0,,4,,,Only 4 betting weeks: too few for a meaningful interval. No confidence interval is reported.
,frozen greedy + cap,0.6666666666666666,,2,2,1,15,18,2.0,0,2,0.0,-2.0,-1.0,2025,2-team only,-150.0,,1,,,Only 1 betting weeks: too few for a meaningful interval. No confidence interval is reported.
,frozen greedy + cap,,1.0,0,0,0,15,19,0.0,0,0,,0.0,,2025,3-team only,,100.0,0,,,Only 0 betting weeks: too few for a meaningful interval. No confidence interval is reported.
,frozen greedy + cap,,1.1,0,0,0,15,19,0.0,0,0,,0.0,,2025,3-team only,,110.0,0,,,Only 0 betting weeks: too few for a meaningful interval. No confidence interval is reported.
,frozen greedy + cap,,1.2,1,1,1,15,18,1.0,0,1,0.0,-1.0,-1.0,2025,3-team only,,120.0,1,,,Only 1 betting weeks: too few for a meaningful interval. No confidence interval is reported.
,frozen greedy + cap,,1.3,7,5,4,15,15,5.0,2,3,0.4,-0.3999999999999999,-0.07999999999999999,2025,3-team only,,130.0,4,,,Only 4 betting weeks: too few for a meaningful interval. No confidence interval is reported.
,frozen greedy + cap,,1.4,32,19,12,15,7,19.0,10,9,0.5263157894736842,5.0,0.2631578947368421,2025,3-team only,,140.0,12,-0.42857142857142855,0.976470588235294,"Week-cluster bootstrap, 50,000 resamples, seed 20260919."
,frozen greedy + cap,,1.5,36,20,12,15,7,20.0,11,9,0.55,7.5,0.375,2025,3-team only,,150.0,12,-0.34782608695652173,1.105263157894737,"Week-cluster bootstrap, 50,000 resamples, seed 20260919."
,frozen greedy + cap,,1.6,36,20,12,15,7,20.0,11,9,0.55,8.6,0.43,2025,3-team only,,160.0,12,-0.3217391304347826,1.1894736842105265,"Week-cluster bootstrap, 50,000 resamples, seed 20260919."
,frozen greedy + cap,,1.7,36,20,12,15,7,20.0,11,9,0.55,9.7,0.485,2025,3-team only,,170.0,12,-0.29565217391304344,1.2736842105263155,"Week-cluster bootstrap, 50,000 resamples, seed 20260919."
,frozen greedy + cap,,1.8,36,20,12,15,7,20.0,11,9,0.55,10.800000000000002,0.5400000000000001,2025,3-team only,,180.0,12,-0.2695652173913043,1.3578947368421055,"Week-cluster bootstrap, 50,000 resamples, seed 20260919."
,frozen greedy + cap,1.0,1.0,63,39,15,15,4,39.0,25,14,0.6410256410256411,11.0,0.28205128205128205,2025,combined (paired),-100.0,100.0,15,-0.2,0.7297297297297297,"Week-cluster bootstrap, 50,000 resamples, seed 20260919."
,frozen greedy + cap,0.9090909090909091,1.1,63,39,15,15,4,39.0,25,14,0.6410256410256411,8.727272727272725,0.22377622377622372,2025,combined (paired),-110.0,110.0,15,-0.23636363636363636,0.6511056511056511,"Week-cluster bootstrap, 50,000 resamples, seed 20260919."
,frozen greedy + cap,0.8333333333333334,1.2,64,39,15,15,4,39.0,25,14,0.6410256410256411,6.833333333333333,0.1752136752136752,2025,combined (paired),-120.0,120.0,15,-0.2666666666666666,0.5855855855855856,"Week-cluster bootstrap, 50,000 resamples, seed 20260919."
,frozen greedy + cap,0.7692307692307693,1.3,40,24,11,15,8,24.0,12,12,0.5,-2.238461538461538,-0.09326923076923076,2025,combined (paired),-130.0,130.0,11,-0.591715976331361,0.48278388278388273,"Week-cluster bootstrap, 50,000 resamples, seed 20260919."
,frozen greedy + cap,0.7142857142857143,1.4,39,22,12,15,7,22.0,12,10,0.5454545454545454,5.428571428571429,0.24675324675324675,2025,combined (paired),-140.0,140.0,12,-0.4077922077922078,0.8931677018633539,"Week-cluster bootstrap, 50,000 resamples, seed 20260919."
,frozen greedy + cap,0.6666666666666666,1.5,38,20,12,15,7,20.0,11,9,0.55,7.5,0.375,2025,combined (paired),-150.0,150.0,12,-0.34782608695652173,1.105263157894737,"Week-cluster bootstrap, 50,000 resamples, seed 20260919."
,flat eligibility (control),1.0,,63,63,15,15,4,63.0,39,24,0.6190476190476191,15.0,0.23809523809523808,2025,2-team only,-100.0,,15,,,control; interval not computed
,flat eligibility (control),0.9090909090909091,,63,63,15,15,4,63.0,39,24,0.6190476190476191,11.454545454545448,0.1818181818181817,2025,2-team only,-110.0,,15,,,control; interval not computed
,flat eligibility (control),0.8333333333333334,,63,63,15,15,4,63.0,39,24,0.6190476190476191,8.500000000000004,0.13492063492063497,2025,2-team only,-120.0,,15,,,control; interval not computed
,flat eligibility (control),0.7692307692307693,,33,33,11,15,8,33.0,17,16,0.5151515151515151,-2.9230769230769225,-0.08857808857808856,2025,2-team only,-130.0,,11,,,control; interval not computed
,flat eligibility (control),0.7142857142857143,,7,7,4,15,15,7.0,3,4,0.42857142857142855,-1.8571428571428568,-0.26530612244897955,2025,2-team only,-140.0,,4,,,control; interval not computed
,flat eligibility (control),0.6666666666666666,,2,2,1,15,18,2.0,0,2,0.0,-2.0,-1.0,2025,2-team only,-150.0,,1,,,control; interval not computed
,flat eligibility (control),,1.0,0,0,0,15,19,0.0,0,0,,0.0,,2025,3-team only,,100.0,0,,,control; interval not computed
,flat eligibility (control),,1.1,0,0,0,15,19,0.0,0,0,,0.0,,2025,3-team only,,110.0,0,,,control; interval not computed
,flat eligibility (control),,1.2,1,1,1,15,18,1.0,0,1,0.0,-1.0,-1.0,2025,3-team only,,120.0,1,,,control; interval not computed
,flat eligibility (control),,1.3,7,7,4,15,15,7.0,2,5,0.2857142857142857,-2.4000000000000004,-0.3428571428571429,2025,3-team only,,130.0,4,,,control; interval not computed
,flat eligibility (control),,1.4,32,32,12,15,7,32.0,15,17,0.46875,3.999999999999999,0.12499999999999997,2025,3-team only,,140.0,12,,,control; interval not computed
,flat eligibility (control),,1.5,36,36,12,15,7,36.0,19,17,0.5277777777777778,11.5,0.3194444444444444,2025,3-team only,,150.0,12,,,control; interval not computed
,flat eligibility (control),,1.6,36,36,12,15,7,36.0,19,17,0.5277777777777778,13.4,0.37222222222222223,2025,3-team only,,160.0,12,,,control; interval not computed
,flat eligibility (control),,1.7,36,36,12,15,7,36.0,19,17,0.5277777777777778,15.299999999999997,0.42499999999999993,2025,3-team only,,170.0,12,,,control; interval not computed
,flat eligibility (control),,1.8,36,36,12,15,7,36.0,19,17,0.5277777777777778,17.200000000000003,0.47777777777777786,2025,3-team only,,180.0,12,,,control; interval not computed
,flat eligibility (control),1.0,1.0,63,63,15,15,4,63.0,39,24,0.6190476190476191,15.0,0.23809523809523808,2025,combined (paired),-100.0,100.0,15,,,control; interval not computed
,flat eligibility (control),0.9090909090909091,1.1,63,63,15,15,4,63.0,39,24,0.6190476190476191,11.454545454545448,0.1818181818181817,2025,combined (paired),-110.0,110.0,15,,,control; interval not computed
,flat eligibility (control),0.8333333333333334,1.2,64,64,15,15,4,64.0,39,25,0.609375,7.500000000000002,0.11718750000000003,2025,combined (paired),-120.0,120.0,15,,,control; interval not computed
,flat eligibility (control),0.7692307692307693,1.3,40,40,11,15,8,40.0,19,21,0.475,-5.323076923076924,-0.1330769230769231,2025,combined (paired),-130.0,130.0,11,,,control; interval not computed
,flat eligibility (control),0.7142857142857143,1.4,39,39,12,15,7,39.0,18,21,0.46153846153846156,2.1428571428571432,0.05494505494505496,2025,combined (paired),-140.0,140.0,12,,,control; interval not computed
,flat eligibility (control),0.6666666666666666,1.5,38,38,12,15,7,38.0,19,19,0.5,9.5,0.25,2025,combined (paired),-150.0,150.0,12,,,control; interval not computed
,frozen greedy + cap,1.0,,266,203,91,91,39,203.0,115,88,0.5665024630541872,27.0,0.1330049261083744,SUPPLEMENTARY 2018-2025 all years,2-team only,-100.0,,91,-0.05583756345177665,0.3175355450236967,"Week-cluster bootstrap, 50,000 resamples, seed 20260919."
,frozen greedy + cap,0.9090909090909091,,266,203,91,91,39,203.0,115,88,0.5665024630541872,16.545454545454547,0.08150470219435738,SUPPLEMENTARY 2018-2025 all years,2-team only,-110.0,,91,-0.09875403784033225,0.2576475657044377,"Week-cluster bootstrap, 50,000 resamples, seed 20260919."
,frozen greedy + cap,0.8333333333333334,,249,188,88,91,42,188.0,103,85,0.5478723404255319,0.833333333333343,0.004432624113475229,SUPPLEMENTARY 2018-2025 all years,2-team only,-120.0,,88,-0.17548500881834211,0.18127147766323026,"Week-cluster bootstrap, 50,000 resamples, seed 20260919."
,frozen greedy + cap,0.7692307692307693,,118,96,45,91,85,96.0,54,42,0.5625,-0.4615384615384617,-0.004807692307692309,SUPPLEMENTARY 2018-2025 all years,2-team only,-130.0,,45,-0.23904052936310996,0.22914979757085024,"Week-cluster bootstrap, 50,000 resamples, seed 20260919."
,frozen greedy + cap,0.7142857142857143,,37,32,18,91,112,32.0,15,17,0.46875,-6.285714285714285,-0.1964285714285714,SUPPLEMENTARY 2018-2025 all years,2-team only,-140.0,,18,-0.5023041474654377,0.14285714285714288,"Week-cluster bootstrap, 50,000 resamples, seed 20260919."
,frozen greedy + cap,0.6666666666666666,,7,7,5,91,125,7.0,3,4,0.42857142857142855,-2.0,-0.2857142857142857,SUPPLEMENTARY 2018-2025 all years,2-team only,-150.0,,5,,,Only 5 betting weeks: too few for a meaningful interval. No confidence interval is reported.
,frozen greedy + cap,,1.0,0,0,0,91,130,0.0,0,0,,0.0,,SUPPLEMENTARY 2018-2025 all years,3-team only,,100.0,0,,,Only 0 betting weeks: too few for a meaningful interval. No confidence interval is reported.
,frozen greedy + cap,,1.1,0,0,0,91,130,0.0,0,0,,0.0,,SUPPLEMENTARY 2018-2025 all years,3-team only,,110.0,0,,,Only 0 betting weeks: too few for a meaningful interval. No confidence interval is reported.
,frozen greedy + cap,,1.2,6,6,5,91,125,6.0,2,4,0.3333333333333333,-1.6,-0.26666666666666666,SUPPLEMENTARY 2018-2025 all years,3-team only,,120.0,5,,,Only 5 betting weeks: too few for a meaningful interval. No confidence interval is reported.
,frozen greedy + cap,,1.3,32,24,17,91,113,24.0,9,15,0.375,-3.3,-0.13749999999999998,SUPPLEMENTARY 2018-2025 all years,3-team only,,130.0,17,-0.6,0.38,"Week-cluster bootstrap, 50,000 resamples, seed 20260919."
,frozen greedy + cap,,1.4,91,59,41,91,89,59.0,31,28,0.5254237288135594,15.399999999999999,0.26101694915254237,SUPPLEMENTARY 2018-2025 all years,3-team only,,140.0,41,-0.10967741935483873,0.6271186440677966,"Week-cluster bootstrap, 50,000 resamples, seed 20260919."
,frozen greedy + cap,,1.5,118,76,55,91,75,76.0,39,37,0.5131578947368421,21.5,0.28289473684210525,SUPPLEMENTARY 2018-2025 all years,3-team only,,150.0,55,-0.054878048780487805,0.6197183098591549,"Week-cluster bootstrap, 50,000 resamples, seed 20260919."
,frozen greedy + cap,,1.6,119,77,56,91,74,77.0,40,37,0.5194805194805194,27.000000000000007,0.35064935064935077,SUPPLEMENTARY 2018-2025 all years,3-team only,,160.0,56,0.00533333333333335,0.7,"Week-cluster bootstrap, 50,000 resamples, seed 20260919."
,frozen greedy + cap,,1.7,119,77,56,91,74,77.0,40,37,0.5194805194805194,30.999999999999996,0.40259740259740256,SUPPLEMENTARY 2018-2025 all years,3-team only,,170.0,56,0.043999999999999984,0.7653846153846153,"Week-cluster bootstrap, 50,000 resamples, seed 20260919."
,frozen greedy + cap,,1.8,119,77,56,91,74,77.0,40,37,0.5194805194805194,34.99999999999999,0.4545454545454545,SUPPLEMENTARY 2018-2025 all years,3-team only,,180.0,56,0.08266666666666667,0.8307692307692307,"Week-cluster bootstrap, 50,000 resamples, seed 20260919."
,frozen greedy + cap,1.0,1.0,266,203,91,91,39,203.0,115,88,0.5665024630541872,27.0,0.1330049261083744,SUPPLEMENTARY 2018-2025 all years,combined (paired),-100.0,100.0,91,-0.05583756345177665,0.3175355450236967,"Week-cluster bootstrap, 50,000 resamples, seed 20260919."
,frozen greedy + cap,0.9090909090909091,1.1,266,203,91,91,39,203.0,115,88,0.5665024630541872,16.545454545454547,0.08150470219435738,SUPPLEMENTARY 2018-2025 all years,combined (paired),-110.0,110.0,91,-0.09875403784033225,0.2576475657044377,"Week-cluster bootstrap, 50,000 resamples, seed 20260919."
,frozen greedy + cap,0.8333333333333334,1.2,255,188,88,91,42,188.0,103,85,0.5478723404255319,0.833333333333343,0.004432624113475229,SUPPLEMENTARY 2018-2025 all years,combined (paired),-120.0,120.0,88,-0.17548500881834211,0.18127147766323026,"Week-cluster bootstrap, 50,000 resamples, seed 20260919."
,frozen greedy + cap,0.7692307692307693,1.3,150,93,45,91,85,93.0,52,41,0.5591397849462365,0.061538461538461764,0.0006617038875103415,SUPPLEMENTARY 2018-2025 all years,combined (paired),-130.0,130.0,45,-0.23333333333333328,0.23649572649572653,"Week-cluster bootstrap, 50,000 resamples, seed 20260919."
,frozen greedy + cap,0.7142857142857143,1.4,128,70,43,91,87,70.0,37,33,0.5285714285714286,14.685714285714283,0.2097959183673469,SUPPLEMENTARY 2018-2025 all years,combined (paired),-140.0,140.0,43,-0.13043478260869565,0.5452716297786719,"Week-cluster bootstrap, 50,000 resamples, seed 20260919."
,frozen greedy + cap,0.6666666666666666,1.5,125,78,55,91,75,78.0,40,38,0.5128205128205128,21.166666666666664,0.27136752136752135,SUPPLEMENTARY 2018-2025 all years,combined (paired),-150.0,150.0,55,-0.06378600823045269,0.6041666666666666,"Week-cluster bootstrap, 50,000 resamples, seed 20260919."
,flat eligibility (control),1.0,,266,266,91,91,39,266.0,158,108,0.5939849624060151,50.0,0.18796992481203006,SUPPLEMENTARY 2018-2025 all years,2-team only,-100.0,,91,,,control; interval not computed
,flat eligibility (control),0.9090909090909091,,266,266,91,91,39,266.0,158,108,0.5939849624060151,35.63636363636363,0.13397129186602869,SUPPLEMENTARY 2018-2025 all years,2-team only,-110.0,,91,,,control; interval not computed
,flat eligibility (control),0.8333333333333334,,249,249,88,91,42,249.0,144,105,0.5783132530120482,15.000000000000009,0.06024096385542172,SUPPLEMENTARY 2018-2025 all years,2-team only,-120.0,,88,,,control; interval not computed
,flat eligibility (control),0.7692307692307693,,118,118,45,91,85,118.0,68,50,0.576271186440678,2.3076923076923084,0.019556714471968713,SUPPLEMENTARY 2018-2025 all years,2-team only,-130.0,,45,,,control; interval not computed
,flat eligibility (control),0.7142857142857143,,37,37,18,91,112,37.0,18,19,0.4864864864864865,-6.142857142857143,-0.16602316602316602,SUPPLEMENTARY 2018-2025 all years,2-team only,-140.0,,18,,,control; interval not computed
,flat eligibility (control),0.6666666666666666,,7,7,5,91,125,7.0,3,4,0.42857142857142855,-2.0,-0.2857142857142857,SUPPLEMENTARY 2018-2025 all years,2-team only,-150.0,,5,,,control; interval not computed
,flat eligibility (control),,1.0,0,0,0,91,130,0.0,0,0,,0.0,,SUPPLEMENTARY 2018-2025 all years,3-team only,,100.0,0,,,control; interval not computed
,flat eligibility (control),,1.1,0,0,0,91,130,0.0,0,0,,0.0,,SUPPLEMENTARY 2018-2025 all years,3-team only,,110.0,0,,,control; interval not computed
,flat eligibility (control),,1.2,6,6,5,91,125,6.0,2,4,0.3333333333333333,-1.6,-0.26666666666666666,SUPPLEMENTARY 2018-2025 all years,3-team only,,120.0,5,,,control; interval not computed
,flat eligibility (control),,1.3,32,32,17,91,113,32.0,11,21,0.34375,-6.699999999999999,-0.20937499999999998,SUPPLEMENTARY 2018-2025 all years,3-team only,,130.0,17,,,control; interval not computed
,flat eligibility (control),,1.4,91,91,41,91,89,91.0,45,46,0.4945054945054945,16.999999999999996,0.1868131868131868,SUPPLEMENTARY 2018-2025 all years,3-team only,,140.0,41,,,control; interval not computed
,flat eligibility (control),,1.5,118,118,55,91,75,118.0,62,56,0.5254237288135594,37.0,0.3135593220338983,SUPPLEMENTARY 2018-2025 all years,3-team only,,150.0,55,,,control; interval not computed
,flat eligibility (control),,1.6,119,119,56,91,74,119.0,63,56,0.5294117647058824,44.800000000000004,0.37647058823529417,SUPPLEMENTARY 2018-2025 all years,3-team only,,160.0,56,,,control; interval not computed
,flat eligibility (control),,1.7,119,119,56,91,74,119.0,63,56,0.5294117647058824,51.10000000000001,0.42941176470588244,SUPPLEMENTARY 2018-2025 all years,3-team only,,170.0,56,,,control; interval not computed
,flat eligibility (control),,1.8,119,119,56,91,74,119.0,63,56,0.5294117647058824,57.39999999999999,0.48235294117647054,SUPPLEMENTARY 2018-2025 all years,3-team only,,180.0,56,,,control; interval not computed
,flat eligibility (control),1.0,1.0,266,266,91,91,39,266.0,158,108,0.5939849624060151,50.0,0.18796992481203006,SUPPLEMENTARY 2018-2025 all years,combined (paired),-100.0,100.0,91,,,control; interval not computed
,flat eligibility (control),0.9090909090909091,1.1,266,266,91,91,39,266.0,158,108,0.5939849624060151,35.63636363636363,0.13397129186602869,SUPPLEMENTARY 2018-2025 all years,combined (paired),-110.0,110.0,91,,,control; interval not computed
,flat eligibility (control),0.8333333333333334,1.2,255,255,88,91,42,255.0,146,109,0.5725490196078431,13.40000000000001,0.052549019607843174,SUPPLEMENTARY 2018-2025 all years,combined (paired),-120.0,120.0,88,,,control; interval not computed
,flat eligibility (control),0.7692307692307693,1.3,150,150,45,91,85,150.0,79,71,0.5266666666666666,-4.3923076923076945,-0.029282051282051295,SUPPLEMENTARY 2018-2025 all years,combined (paired),-130.0,130.0,45,,,control; interval not computed
,flat eligibility (control),0.7142857142857143,1.4,128,128,43,91,87,128.0,63,65,0.4921875,10.857142857142858,0.08482142857142858,SUPPLEMENTARY 2018-2025 all years,combined (paired),-140.0,140.0,43,,,control; interval not computed
,flat eligibility (control),0.6666666666666666,1.5,125,125,55,91,75,125.0,65,60,0.52,35.0,0.28,SUPPLEMENTARY 2018-2025 all years,combined (paired),-150.0,150.0,55,,,control; interval not computed
