season,week,n_legs,leg_ids,teams,shapes,game_ids,predicted_p_ticket,outcome,won,n_legs_winning,same_game_legs
2018,1,2,2018_01_BUF_BAL-BAL|2018_01_DAL_CAR-DAL,BAL|DAL,-7.5|+2.5,2018_01_BUF_BAL|2018_01_DAL_CAR,0.5752620980512778,WIN,1,2,False
2018,1,2,2018_01_BUF_BAL-BAL|2018_01_JAX_NYG-NYG,BAL|NYG,-7.5|+2.5,2018_01_BUF_BAL|2018_01_JAX_NYG,0.573763349422516,WIN,1,2,False
2018,1,2,2018_01_DAL_CAR-DAL|2018_01_JAX_NYG-NYG,DAL|NYG,+2.5|+2.5,2018_01_DAL_CAR|2018_01_JAX_NYG,0.5625804210238938,WIN,1,2,False
2018,1,3,2018_01_BUF_BAL-BAL|2018_01_DAL_CAR-DAL|2018_01_JAX_NYG-NYG,BAL|DAL|NYG,-7.5|+2.5|+2.5,2018_01_BUF_BAL|2018_01_DAL_CAR|2018_01_JAX_NYG,0.43091497706314924,WIN,1,3,False
2018,3,2,2018_03_CIN_CAR-CIN|2018_03_GB_WAS-WAS,CIN|WAS,+2.5|+2.5,2018_03_CIN_CAR|2018_03_GB_WAS,0.5488563311488025,LOSS,0,1,False
2018,4,2,2018_04_NYJ_JAX-JAX|2018_04_BUF_GB-GB,JAX|GB,-7.5|-8.5,2018_04_NYJ_JAX|2018_04_BUF_GB,0.5658819878714724,WIN,1,2,False
2018,4,2,2018_04_NYJ_JAX-JAX|2018_04_DET_DAL-DET,JAX|DET,-7.5|+2.5,2018_04_NYJ_JAX|2018_04_DET_DAL,0.5658819878714724,WIN,1,2,False
2018,4,2,2018_04_NYJ_JAX-JAX|2018_04_CLE_OAK-CLE,JAX|CLE,-7.5|+2.5,2018_04_NYJ_JAX|2018_04_CLE_OAK,0.5644851696949597,WIN,1,2,False
2018,4,2,2018_04_BUF_GB-GB|2018_04_DET_DAL-DET,GB|DET,-8.5|+2.5,2018_04_BUF_GB|2018_04_DET_DAL,0.555445048067577,WIN,1,2,False
2018,4,2,2018_04_BUF_GB-GB|2018_04_CLE_OAK-CLE,GB|CLE,-8.5|+2.5,2018_04_BUF_GB|2018_04_CLE_OAK,0.5540739923424901,WIN,1,2,False
2018,4,2,2018_04_DET_DAL-DET|2018_04_CLE_OAK-CLE,DET|CLE,+2.5|+2.5,2018_04_DET_DAL|2018_04_CLE_OAK,0.5540739923424901,WIN,1,2,False
2018,4,3,2018_04_NYJ_JAX-JAX|2018_04_BUF_GB-GB|2018_04_DET_DAL-DET,JAX|GB|DET,-7.5|-8.5|+2.5,2018_04_NYJ_JAX|2018_04_BUF_GB|2018_04_DET_DAL,0.4217415794068967,WIN,1,3,False
2018,4,3,2018_04_NYJ_JAX-JAX|2018_04_BUF_GB-GB|2018_04_CLE_OAK-CLE,JAX|GB|CLE,-7.5|-8.5|+2.5,2018_04_NYJ_JAX|2018_04_BUF_GB|2018_04_CLE_OAK,0.42070055616082636,WIN,1,3,False
2018,4,3,2018_04_NYJ_JAX-JAX|2018_04_DET_DAL-DET|2018_04_CLE_OAK-CLE,JAX|DET|CLE,-7.5|+2.5|+2.5,2018_04_NYJ_JAX|2018_04_DET_DAL|2018_04_CLE_OAK,0.42070055616082636,WIN,1,3,False
2018,4,3,2018_04_BUF_GB-GB|2018_04_DET_DAL-DET|2018_04_CLE_OAK-CLE,GB|DET|CLE,-8.5|+2.5|+2.5,2018_04_BUF_GB|2018_04_DET_DAL|2018_04_CLE_OAK,0.41294129455818784,WIN,1,3,False
2018,6,2,2018_06_CHI_MIA-CHI|2018_06_BAL_TEN-TEN,CHI|TEN,-7.5|+2.5,2018_06_CHI_MIA|2018_06_BAL_TEN,0.56730756512456,LOSS,0,0,False
2018,6,2,2018_06_CHI_MIA-CHI|2018_06_PHI_NYG-NYG,CHI|NYG,-7.5|+1.5,2018_06_CHI_MIA|2018_06_PHI_NYG,0.5617745494172766,LOSS,0,0,False
2018,6,2,2018_06_BAL_TEN-TEN|2018_06_PHI_NYG-NYG,TEN|NYG,+2.5|+1.5,2018_06_BAL_TEN|2018_06_PHI_NYG,0.5528024935592587,LOSS,0,0,False
2018,6,3,2018_06_CHI_MIA-CHI|2018_06_BAL_TEN-TEN|2018_06_PHI_NYG-NYG,CHI|TEN|NYG,-7.5|+2.5|+1.5,2018_06_CHI_MIA|2018_06_BAL_TEN|2018_06_PHI_NYG,0.41973512509447775,LOSS,0,0,False
2018,8,2,2018_08_SF_ARI-ARI|2018_08_NYJ_CHI-CHI,ARI|CHI,+2.5|-8.5,2018_08_SF_ARI|2018_08_NYJ_CHI,0.5718831280607133,WIN,1,2,False
2018,8,2,2018_08_SF_ARI-ARI|2018_08_BAL_CAR-CAR,ARI|CAR,+2.5|+2.5,2018_08_SF_ARI|2018_08_BAL_CAR,0.5675041580395825,WIN,1,2,False
2018,8,2,2018_08_SF_ARI-ARI|2018_08_MIA_HOU-HOU,ARI|HOU,+2.5|-7.5,2018_08_SF_ARI|2018_08_MIA_HOU,0.5647305299442514,WIN,1,2,False
2018,8,2,2018_08_NYJ_CHI-CHI|2018_08_BAL_CAR-CAR,CHI|CAR,-8.5|+2.5,2018_08_NYJ_CHI|2018_08_BAL_CAR,0.5597309677025549,WIN,1,2,False
2018,8,2,2018_08_NYJ_CHI-CHI|2018_08_MIA_HOU-HOU,CHI|HOU,-8.5|-7.5,2018_08_NYJ_CHI|2018_08_MIA_HOU,0.5569953304109979,WIN,1,2,False
2018,8,2,2018_08_BAL_CAR-CAR|2018_08_MIA_HOU-HOU,CAR|HOU,+2.5|-7.5,2018_08_BAL_CAR|2018_08_MIA_HOU,0.5527303578421261,WIN,1,2,False
2018,8,3,2018_08_SF_ARI-ARI|2018_08_NYJ_CHI-CHI|2018_08_BAL_CAR-CAR,ARI|CHI|CAR,+2.5|-8.5|+2.5,2018_08_SF_ARI|2018_08_NYJ_CHI|2018_08_BAL_CAR,0.4262141203180726,WIN,1,3,False
2018,8,3,2018_08_SF_ARI-ARI|2018_08_NYJ_CHI-CHI|2018_08_MIA_HOU-HOU,ARI|CHI|HOU,+2.5|-8.5|-7.5,2018_08_SF_ARI|2018_08_NYJ_CHI|2018_08_MIA_HOU,0.42413103521289064,WIN,1,3,False
2018,8,3,2018_08_SF_ARI-ARI|2018_08_BAL_CAR-CAR|2018_08_MIA_HOU-HOU,ARI|CAR|HOU,+2.5|+2.5|-7.5,2018_08_SF_ARI|2018_08_BAL_CAR|2018_08_MIA_HOU,0.42088341870333135,WIN,1,3,False
2018,8,3,2018_08_NYJ_CHI-CHI|2018_08_BAL_CAR-CAR|2018_08_MIA_HOU-HOU,CHI|CAR|HOU,-8.5|+2.5|-7.5,2018_08_NYJ_CHI|2018_08_BAL_CAR|2018_08_MIA_HOU,0.4151185148221307,WIN,1,3,False
2018,9,2,2018_09_OAK_SF-SF|2018_09_ATL_WAS-ATL,SF|ATL,+1.5|+1.5,2018_09_OAK_SF|2018_09_ATL_WAS,0.5488563311488025,WIN,1,2,False
2018,9,2,2018_09_OAK_SF-SF|2018_09_PIT_BAL-PIT,SF|PIT,+1.5|+1.5,2018_09_OAK_SF|2018_09_PIT_BAL,0.5476148643833738,WIN,1,2,False
2018,9,2,2018_09_ATL_WAS-ATL|2018_09_PIT_BAL-PIT,ATL|PIT,+1.5|+1.5,2018_09_ATL_WAS|2018_09_PIT_BAL,0.541119029494778,WIN,1,2,False
2018,9,3,2018_09_OAK_SF-SF|2018_09_ATL_WAS-ATL|2018_09_PIT_BAL-PIT,SF|ATL|PIT,+1.5|+1.5|+1.5,2018_09_OAK_SF|2018_09_ATL_WAS|2018_09_PIT_BAL,0.4032861957749541,WIN,1,3,False
2018,10,2,2018_10_DET_CHI-CHI|2018_10_DAL_PHI-PHI,CHI|PHI,-7.5|-7.5,2018_10_DET_CHI|2018_10_DAL_PHI,0.5500522618909207,LOSS,0,1,False
2018,11,2,2018_11_MIN_CHI-MIN|2018_11_DEN_LAC-LAC,MIN|LAC,+2.5|-7.5,2018_11_MIN_CHI|2018_11_DEN_LAC,0.5476148643833738,LOSS,0,1,False
2018,15,2,2018_15_WAS_JAX-JAX|2018_15_DET_BUF-DET,JAX|DET,-7.5|+2.5,2018_15_WAS_JAX|2018_15_DET_BUF,0.5945062117018493,LOSS,0,1,False
2018,15,2,2018_15_WAS_JAX-JAX|2018_15_TEN_NYG-NYG,JAX|NYG,-7.5|+2.5,2018_15_WAS_JAX|2018_15_TEN_NYG,0.5879231434064123,LOSS,0,0,False
2018,15,2,2018_15_WAS_JAX-JAX|2018_15_TB_BAL-BAL,JAX|BAL,-7.5|-8.5,2018_15_WAS_JAX|2018_15_TB_BAL,0.5804370338500288,LOSS,0,1,False
2018,15,2,2018_15_DET_BUF-DET|2018_15_TEN_NYG-NYG,DET|NYG,+2.5|+2.5,2018_15_DET_BUF|2018_15_TEN_NYG,0.573404578300645,LOSS,0,1,False
2018,15,2,2018_15_DET_BUF-DET|2018_15_TB_BAL-BAL,DET|BAL,+2.5|-8.5,2018_15_DET_BUF|2018_15_TB_BAL,0.5661033357123374,WIN,1,2,False
2018,15,2,2018_15_TEN_NYG-NYG|2018_15_TB_BAL-BAL,NYG|BAL,+2.5|-8.5,2018_15_TEN_NYG|2018_15_TB_BAL,0.5598347772886989,LOSS,0,1,False
2018,15,3,2018_15_WAS_JAX-JAX|2018_15_DET_BUF-DET|2018_15_TEN_NYG-NYG,JAX|DET|NYG,-7.5|+2.5|+2.5,2018_15_WAS_JAX|2018_15_DET_BUF|2018_15_TEN_NYG,0.4476814038182012,LOSS,0,1,False
2018,15,3,2018_15_WAS_JAX-JAX|2018_15_DET_BUF-DET|2018_15_TB_BAL-BAL,JAX|DET|BAL,-7.5|+2.5|-8.5,2018_15_WAS_JAX|2018_15_DET_BUF|2018_15_TB_BAL,0.44198101241003046,LOSS,0,2,False
2018,15,3,2018_15_WAS_JAX-JAX|2018_15_TEN_NYG-NYG|2018_15_TB_BAL-BAL,JAX|NYG|BAL,-7.5|+2.5|-8.5,2018_15_WAS_JAX|2018_15_TEN_NYG|2018_15_TB_BAL,0.4370868815620911,LOSS,0,1,False
2018,15,3,2018_15_DET_BUF-DET|2018_15_TEN_NYG-NYG|2018_15_TB_BAL-BAL,DET|NYG|BAL,+2.5|+2.5|-8.5,2018_15_DET_BUF|2018_15_TEN_NYG|2018_15_TB_BAL,0.4262931674210416,LOSS,0,2,False
2018,16,2,2018_16_DEN_OAK-OAK|2018_16_ATL_CAR-CAR,OAK|CAR,+2.5|+2.5,2018_16_DEN_OAK|2018_16_ATL_CAR,0.5530914109908797,LOSS,0,1,False
2018,17,2,2018_17_DAL_NYG-NYG|2018_17_DET_GB-GB,NYG|GB,-7.5|-7.5,2018_17_DAL_NYG|2018_17_DET_GB,0.5711770995700478,LOSS,0,0,False
2019,1,2,2019_01_BUF_NYJ-BUF|2019_01_DET_ARI-ARI,BUF|ARI,+2.5|+2.5,2019_01_BUF_NYJ|2019_01_DET_ARI,0.5601986932439665,WIN,1,2,False
2019,3,2,2019_03_TEN_JAX-JAX|2019_03_OAK_MIN-MIN,JAX|MIN,+1.5|-8.5,2019_03_TEN_JAX|2019_03_OAK_MIN,0.5772870269054537,WIN,1,2,False
2019,3,2,2019_03_TEN_JAX-JAX|2019_03_CAR_ARI-CAR,JAX|CAR,+1.5|+2.5,2019_03_TEN_JAX|2019_03_CAR_ARI,0.5688590122319045,WIN,1,2,False
2019,3,2,2019_03_OAK_MIN-MIN|2019_03_CAR_ARI-CAR,MIN|CAR,-8.5|+2.5,2019_03_OAK_MIN|2019_03_CAR_ARI,0.5529228029588968,WIN,1,2,False
2019,3,3,2019_03_TEN_JAX-JAX|2019_03_OAK_MIN-MIN|2019_03_CAR_ARI-CAR,JAX|MIN|CAR,+1.5|-8.5|+2.5,2019_03_TEN_JAX|2019_03_OAK_MIN|2019_03_CAR_ARI,0.4261185797542782,WIN,1,3,False
2019,4,2,2019_04_JAX_DEN-JAX|2019_04_CLE_BAL-BAL,JAX|BAL,+2.5|-7.5,2019_04_JAX_DEN|2019_04_CLE_BAL,0.5698829613886248,LOSS,0,1,False
2019,4,2,2019_04_JAX_DEN-JAX|2019_04_DAL_NO-NO,JAX|NO,+2.5|+2.5,2019_04_JAX_DEN|2019_04_DAL_NO,0.5698829613886248,WIN,1,2,False
2019,4,2,2019_04_CLE_BAL-BAL|2019_04_DAL_NO-NO,BAL|NO,-7.5|+2.5,2019_04_CLE_BAL|2019_04_DAL_NO,0.5398950638536189,LOSS,0,1,False
2019,4,3,2019_04_JAX_DEN-JAX|2019_04_CLE_BAL-BAL|2019_04_DAL_NO-NO,JAX|BAL|NO,+2.5|-7.5|+2.5,2019_04_JAX_DEN|2019_04_CLE_BAL|2019_04_DAL_NO,0.41873604892985117,LOSS,0,2,False
2019,7,2,2019_07_MIN_DET-DET|2019_07_HOU_IND-HOU,DET|HOU,+2.5|+1.5,2019_07_MIN_DET|2019_07_HOU_IND,0.5502390171463583,LOSS,0,1,False
2019,11,2,2019_11_JAX_IND-JAX|2019_11_DAL_DET-DAL,JAX|DAL,+2.5|-7.5,2019_11_JAX_IND|2019_11_DAL_DET,0.5560657171285477,LOSS,0,1,False
2019,13,2,2019_13_NYJ_CIN-CIN|2019_13_LA_ARI-ARI,CIN|ARI,+2.5|+2.5,2019_13_NYJ_CIN|2019_13_LA_ARI,0.5504026375890203,LOSS,0,1,False
2019,16,2,2019_16_OAK_LAC-LAC|2019_16_CAR_IND-IND,LAC|IND,-7.5|-7.5,2019_16_OAK_LAC|2019_16_CAR_IND,0.5474335896108009,LOSS,0,1,False
2019,16,2,2019_16_OAK_LAC-LAC|2019_16_CIN_MIA-MIA,LAC|MIA,-7.5|+1.5,2019_16_OAK_LAC|2019_16_CIN_MIA,0.5474335896108009,LOSS,0,1,False
2019,16,2,2019_16_CAR_IND-IND|2019_16_CIN_MIA-MIA,IND|MIA,-7.5|+1.5,2019_16_CAR_IND|2019_16_CIN_MIA,0.5448504900894084,WIN,1,2,False
2019,16,3,2019_16_OAK_LAC-LAC|2019_16_CAR_IND-IND|2019_16_CIN_MIA-MIA,LAC|IND|MIA,-7.5|-7.5|+1.5,2019_16_OAK_LAC|2019_16_CAR_IND|2019_16_CIN_MIA,0.4040825669774584,LOSS,0,2,False
2019,17,2,2019_17_NYJ_BUF-BUF|2019_17_CLE_CIN-CIN,BUF|CIN,+1.5|+2.5,2019_17_NYJ_BUF|2019_17_CLE_CIN,0.5780315500343973,WIN,1,2,False
2020,1,2,2020_01_LAC_CIN-CIN|2020_01_MIA_NE-NE,CIN|NE,+2.5|-7.5,2020_01_LAC_CIN|2020_01_MIA_NE,0.5701327435662364,WIN,1,2,False
2020,1,2,2020_01_LAC_CIN-CIN|2020_01_CHI_DET-CHI,CIN|CHI,+2.5|+2.5,2020_01_LAC_CIN|2020_01_CHI_DET,0.5670831951653187,WIN,1,2,False
2020,1,2,2020_01_MIA_NE-NE|2020_01_CHI_DET-CHI,NE|CHI,-7.5|+2.5,2020_01_MIA_NE|2020_01_CHI_DET,0.5670831951653187,WIN,1,2,False
2020,1,3,2020_01_LAC_CIN-CIN|2020_01_MIA_NE-NE|2020_01_CHI_DET-CHI,CIN|NE|CHI,+2.5|-7.5|+2.5,2020_01_LAC_CIN|2020_01_MIA_NE|2020_01_CHI_DET,0.42818827372655816,WIN,1,3,False
2020,2,2,2020_02_WAS_ARI-ARI|2020_02_CAR_TB-TB,ARI|TB,-7.5|-7.5,2020_02_WAS_ARI|2020_02_CAR_TB,0.541119029494778,WIN,1,2,False
2020,2,2,2020_02_WAS_ARI-ARI|2020_02_KC_LAC-KC,ARI|KC,-7.5|-8.5,2020_02_WAS_ARI|2020_02_KC_LAC,0.541119029494778,WIN,1,2,False
2020,2,2,2020_02_CAR_TB-TB|2020_02_KC_LAC-KC,TB|KC,-7.5|-8.5,2020_02_CAR_TB|2020_02_KC_LAC,0.5398950638536189,WIN,1,2,False
2020,2,3,2020_02_WAS_ARI-ARI|2020_02_CAR_TB-TB|2020_02_KC_LAC-KC,ARI|TB|KC,-7.5|-7.5|-8.5,2020_02_WAS_ARI|2020_02_CAR_TB|2020_02_KC_LAC,0.39760101593365815,WIN,1,3,False
2020,3,2,2020_03_WAS_CLE-CLE|2020_03_CHI_ATL-CHI,CLE|CHI,-7.5|+2.5,2020_03_WAS_CLE|2020_03_CHI_ATL,0.5474335896108009,WIN,1,2,False
2020,3,2,2020_03_WAS_CLE-CLE|2020_03_LA_BUF-LA,CLE|LA,-7.5|+1.5,2020_03_WAS_CLE|2020_03_LA_BUF,0.5461738427144737,WIN,1,2,False
2020,3,2,2020_03_CHI_ATL-CHI|2020_03_LA_BUF-LA,CHI|LA,+2.5|+1.5,2020_03_CHI_ATL|2020_03_LA_BUF,0.5435966873873483,WIN,1,2,False
2020,3,3,2020_03_WAS_CLE-CLE|2020_03_CHI_ATL-CHI|2020_03_LA_BUF-LA,CLE|CHI|LA,-7.5|+2.5|+1.5,2020_03_WAS_CLE|2020_03_CHI_ATL|2020_03_LA_BUF,0.4031526975480511,WIN,1,3,False
2020,4,2,2020_04_LAC_TB-TB|2020_04_PHI_SF-SF,TB|SF,-7.5|-8.5,2020_04_LAC_TB|2020_04_PHI_SF,0.5556681762548301,LOSS,0,1,False
2020,12,2,2020_12_CHI_GB-GB|2020_12_MIA_NYJ-MIA,GB|MIA,-7.5|-7.5,2020_12_CHI_GB|2020_12_MIA_NYJ,0.5501222651896162,WIN,1,2,False
2020,12,2,2020_12_CHI_GB-GB|2020_12_WAS_DAL-WAS,GB|WAS,-7.5|+2.5,2020_12_CHI_GB|2020_12_WAS_DAL,0.5501222651896162,WIN,1,2,False
2020,12,2,2020_12_MIA_NYJ-MIA|2020_12_WAS_DAL-WAS,MIA|WAS,-7.5|+2.5,2020_12_MIA_NYJ|2020_12_WAS_DAL,0.5448504900894084,WIN,1,2,False
2020,12,3,2020_12_CHI_GB-GB|2020_12_MIA_NYJ-MIA|2020_12_WAS_DAL-WAS,GB|MIA|WAS,-7.5|-7.5|+2.5,2020_12_CHI_GB|2020_12_MIA_NYJ|2020_12_WAS_DAL,0.4060671856604839,WIN,1,3,False
2020,13,2,2020_13_DAL_BAL-BAL|2020_13_NO_ATL-ATL,BAL|ATL,-8.5|+2.5,2020_13_DAL_BAL|2020_13_NO_ATL,0.5448504900894084,WIN,1,2,False
2020,13,2,2020_13_DAL_BAL-BAL|2020_13_NE_LAC-NE,BAL|NE,-8.5|+2.5,2020_13_DAL_BAL|2020_13_NE_LAC,0.5423671174928443,WIN,1,2,False
2020,13,2,2020_13_NO_ATL-ATL|2020_13_NE_LAC-NE,ATL|NE,+2.5|+2.5,2020_13_NO_ATL|2020_13_NE_LAC,0.5423671174928443,WIN,1,2,False
2020,13,3,2020_13_DAL_BAL-BAL|2020_13_NO_ATL-ATL|2020_13_NE_LAC-NE,BAL|ATL|NE,-8.5|+2.5|+2.5,2020_13_DAL_BAL|2020_13_NO_ATL|2020_13_NE_LAC,0.40034280183005644,WIN,1,3,False
2021,3,2,2021_03_CIN_PIT-CIN|2021_03_CHI_CLE-CLE,CIN|CLE,+2.5|-7.5,2021_03_CIN_PIT|2021_03_CHI_CLE,0.5569953304109979,WIN,1,2,False
2021,3,2,2021_03_CIN_PIT-CIN|2021_03_WAS_BUF-BUF,CIN|BUF,+2.5|-7.5,2021_03_CIN_PIT|2021_03_WAS_BUF,0.5556681762548301,WIN,1,2,False
2021,3,2,2021_03_CHI_CLE-CLE|2021_03_WAS_BUF-BUF,CLE|BUF,-7.5|-7.5,2021_03_CHI_CLE|2021_03_WAS_BUF,0.5487183801236944,WIN,1,2,False
2021,3,3,2021_03_CIN_PIT-CIN|2021_03_CHI_CLE-CLE|2021_03_WAS_BUF-BUF,CIN|CLE|BUF,+2.5|-7.5|-7.5,2021_03_CIN_PIT|2021_03_CHI_CLE|2021_03_WAS_BUF,0.41210538878636016,WIN,1,3,False
2021,4,2,2021_04_IND_MIA-IND|2021_04_NYG_NO-NO,IND|NO,+2.5|-7.5,2021_04_IND_MIA|2021_04_NYG_NO,0.5656057552922121,LOSS,0,1,False
2021,4,2,2021_04_IND_MIA-IND|2021_04_JAX_CIN-CIN,IND|CIN,+2.5|-7.5,2021_04_IND_MIA|2021_04_JAX_CIN,0.5573482795775753,WIN,1,2,False
2021,4,2,2021_04_NYG_NO-NO|2021_04_JAX_CIN-CIN,NO|CIN,-7.5|-7.5,2021_04_NYG_NO|2021_04_JAX_CIN,0.5529228029588968,LOSS,0,1,False
2021,4,3,2021_04_IND_MIA-IND|2021_04_NYG_NO-NO|2021_04_JAX_CIN-CIN,IND|NO|CIN,+2.5|-7.5|-7.5,2021_04_IND_MIA|2021_04_NYG_NO|2021_04_JAX_CIN,0.4174961672669564,LOSS,0,2,False
2021,5,2,2021_05_NO_WAS-WAS|2021_05_PHI_CAR-PHI,WAS|PHI,+2.5|+2.5,2021_05_NO_WAS|2021_05_PHI_CAR,0.5515081403446485,LOSS,0,1,False
2021,5,2,2021_05_NO_WAS-WAS|2021_05_CLE_LAC-CLE,WAS|CLE,+2.5|+2.5,2021_05_NO_WAS|2021_05_CLE_LAC,0.5502390171463583,LOSS,0,1,False
2021,5,2,2021_05_NO_WAS-WAS|2021_05_IND_BAL-BAL,WAS|BAL,+2.5|-7.5,2021_05_NO_WAS|2021_05_IND_BAL,0.5502390171463583,LOSS,0,1,False
2021,5,2,2021_05_PHI_CAR-PHI|2021_05_CLE_LAC-CLE,PHI|CLE,+2.5|+2.5,2021_05_PHI_CAR|2021_05_CLE_LAC,0.5435966873873483,WIN,1,2,False
2021,5,2,2021_05_PHI_CAR-PHI|2021_05_IND_BAL-BAL,PHI|BAL,+2.5|-7.5,2021_05_PHI_CAR|2021_05_IND_BAL,0.5435966873873483,WIN,1,2,False
2021,5,2,2021_05_CLE_LAC-CLE|2021_05_IND_BAL-BAL,CLE|BAL,+2.5|-7.5,2021_05_CLE_LAC|2021_05_IND_BAL,0.5423457699193923,WIN,1,2,False
2021,5,3,2021_05_NO_WAS-WAS|2021_05_PHI_CAR-PHI|2021_05_CLE_LAC-CLE,WAS|PHI|CLE,+2.5|+2.5|+2.5,2021_05_NO_WAS|2021_05_PHI_CAR|2021_05_CLE_LAC,0.4061533649364277,LOSS,0,2,False
2021,5,3,2021_05_NO_WAS-WAS|2021_05_PHI_CAR-PHI|2021_05_IND_BAL-BAL,WAS|PHI|BAL,+2.5|+2.5|-7.5,2021_05_NO_WAS|2021_05_PHI_CAR|2021_05_IND_BAL,0.4061533649364277,LOSS,0,2,False
2021,5,3,2021_05_NO_WAS-WAS|2021_05_CLE_LAC-CLE|2021_05_IND_BAL-BAL,WAS|CLE|BAL,+2.5|+2.5|-7.5,2021_05_NO_WAS|2021_05_CLE_LAC|2021_05_IND_BAL,0.40521873021429583,LOSS,0,2,False
2021,5,3,2021_05_PHI_CAR-PHI|2021_05_CLE_LAC-CLE|2021_05_IND_BAL-BAL,PHI|CLE|BAL,+2.5|+2.5|-7.5,2021_05_PHI_CAR|2021_05_CLE_LAC|2021_05_IND_BAL,0.4003270443346399,WIN,1,3,False
2021,10,2,2021_10_CLE_NE-CLE|2021_10_BAL_MIA-BAL,CLE|BAL,+2.5|-8.5,2021_10_CLE_NE|2021_10_BAL_MIA,0.5448724729438981,LOSS,0,0,False
2021,11,2,2021_11_NO_PHI-NO|2021_11_ARI_SEA-ARI,NO|ARI,+2.5|+2.5,2021_11_NO_PHI|2021_11_ARI_SEA,0.5543671132195294,LOSS,0,1,False
2021,12,2,2021_12_TEN_NE-NE|2021_12_ATL_JAX-JAX,NE|JAX,-7.5|+1.5,2021_12_TEN_NE|2021_12_ATL_JAX,0.5529228029588968,WIN,1,2,False
2021,13,2,2021_13_ARI_CHI-ARI|2021_13_DEN_KC-KC,ARI|KC,-7.5|-8.5,2021_13_ARI_CHI|2021_13_DEN_KC,0.5502390171463583,WIN,1,2,False
2021,14,2,2021_14_ATL_CAR-ATL|2021_14_JAX_TEN-TEN,ATL|TEN,+2.5|-8.5,2021_14_ATL_CAR|2021_14_JAX_TEN,0.5629017098527,WIN,1,2,False
2021,16,2,2021_16_DET_ATL-ATL|2021_16_JAX_NYJ-JAX,ATL|JAX,-7.5|+2.5,2021_16_DET_ATL|2021_16_JAX_NYJ,0.5640499583086062,WIN,1,2,False
2021,16,2,2021_16_DET_ATL-ATL|2021_16_BAL_CIN-CIN,ATL|CIN,-7.5|-7.5,2021_16_DET_ATL|2021_16_BAL_CIN,0.5625804210238938,WIN,1,2,False
2021,16,2,2021_16_DET_ATL-ATL|2021_16_CLE_GB-GB,ATL|GB,-7.5|-7.5,2021_16_DET_ATL|2021_16_CLE_GB,0.5530914109908797,WIN,1,2,False
2021,16,2,2021_16_JAX_NYJ-JAX|2021_16_BAL_CIN-CIN,JAX|CIN,+2.5|-7.5,2021_16_JAX_NYJ|2021_16_BAL_CIN,0.5625804210238938,WIN,1,2,False
2021,16,2,2021_16_JAX_NYJ-JAX|2021_16_CLE_GB-GB,JAX|GB,+2.5|-7.5,2021_16_JAX_NYJ|2021_16_CLE_GB,0.5530914109908797,WIN,1,2,False
2021,16,2,2021_16_BAL_CIN-CIN|2021_16_CLE_GB-GB,CIN|GB,-7.5|-7.5,2021_16_BAL_CIN|2021_16_CLE_GB,0.5516504243578118,WIN,1,2,False
2021,16,3,2021_16_DET_ATL-ATL|2021_16_JAX_NYJ-JAX|2021_16_BAL_CIN-CIN,ATL|JAX|CIN,-7.5|+2.5|-7.5,2021_16_DET_ATL|2021_16_JAX_NYJ|2021_16_BAL_CIN,0.42251623333153715,WIN,1,3,False
2021,16,3,2021_16_DET_ATL-ATL|2021_16_JAX_NYJ-JAX|2021_16_CLE_GB-GB,ATL|JAX|GB,-7.5|+2.5|-7.5,2021_16_DET_ATL|2021_16_JAX_NYJ|2021_16_CLE_GB,0.4153896775052653,WIN,1,3,False
2021,16,3,2021_16_DET_ATL-ATL|2021_16_BAL_CIN-CIN|2021_16_CLE_GB-GB,ATL|CIN|GB,-7.5|-7.5|-7.5,2021_16_DET_ATL|2021_16_BAL_CIN|2021_16_CLE_GB,0.41430744957529775,WIN,1,3,False
2021,16,3,2021_16_JAX_NYJ-JAX|2021_16_BAL_CIN-CIN|2021_16_CLE_GB-GB,JAX|CIN|GB,+2.5|-7.5|-7.5,2021_16_JAX_NYJ|2021_16_BAL_CIN|2021_16_CLE_GB,0.41430744957529775,WIN,1,3,False
2021,17,2,2021_17_DET_SEA-SEA|2021_17_LV_IND-IND,SEA|IND,-8.5|-8.5,2021_17_DET_SEA|2021_17_LV_IND,0.5560657171285477,LOSS,0,1,False
2022,1,2,2022_01_CLE_CAR-CLE|2022_01_PIT_CIN-CIN,CLE|CIN,+2.5|-7.5,2022_01_CLE_CAR|2022_01_PIT_CIN,0.5583493326507223,LOSS,0,1,False
2022,1,2,2022_01_CLE_CAR-CLE|2022_01_GB_MIN-GB,CLE|GB,+2.5|+2.5,2022_01_CLE_CAR|2022_01_GB_MIN,0.5518403648317655,LOSS,0,1,False
2022,1,2,2022_01_PIT_CIN-CIN|2022_01_GB_MIN-GB,CIN|GB,-7.5|+2.5,2022_01_PIT_CIN|2022_01_GB_MIN,0.5462631366155818,LOSS,0,0,False
2022,1,3,2022_01_CLE_CAR-CLE|2022_01_PIT_CIN-CIN|2022_01_GB_MIN-GB,CLE|CIN|GB,+2.5|-7.5|+2.5,2022_01_CLE_CAR|2022_01_PIT_CIN|2022_01_GB_MIN,0.41026142088383094,LOSS,0,1,False
2022,2,2,2022_02_SEA_SF-SF|2022_02_CIN_DAL-CIN,SF|CIN,-8.5|-7.5,2022_02_SEA_SF|2022_02_CIN_DAL,0.573404578300645,LOSS,0,1,False
2022,2,2,2022_02_SEA_SF-SF|2022_02_TB_NO-NO,SF|NO,-8.5|+2.5,2022_02_SEA_SF|2022_02_TB_NO,0.5675041580395825,LOSS,0,1,False
2022,2,2,2022_02_CIN_DAL-CIN|2022_02_TB_NO-NO,CIN|NO,-7.5|+2.5,2022_02_CIN_DAL|2022_02_TB_NO,0.5612200880722991,LOSS,0,0,False
2022,2,3,2022_02_SEA_SF-SF|2022_02_CIN_DAL-CIN|2022_02_TB_NO-NO,SF|CIN|NO,-8.5|-7.5|+2.5,2022_02_SEA_SF|2022_02_CIN_DAL|2022_02_TB_NO,0.42734802957995127,LOSS,0,1,False
2022,3,2,2022_03_BAL_NE-NE|2022_03_LV_TEN-TEN,NE|TEN,+2.5|+1.5,2022_03_BAL_NE|2022_03_LV_TEN,0.5474109474775186,LOSS,0,1,False
2022,6,2,2022_06_NE_CLE-NE|2022_06_NYJ_GB-GB,NE|GB,+2.5|-7.5,2022_06_NE_CLE|2022_06_NYJ_GB,0.5568946473872308,LOSS,0,1,False
2022,7,2,2022_07_IND_TEN-IND|2022_07_NO_ARI-NO,IND|NO,+2.5|+2.5,2022_07_IND_TEN|2022_07_NO_ARI,0.5582726828213477,LOSS,0,1,False
2022,7,2,2022_07_IND_TEN-IND|2022_07_PIT_MIA-MIA,IND|MIA,+2.5|-7.5,2022_07_IND_TEN|2022_07_PIT_MIA,0.5568946473872308,LOSS,0,1,False
2022,7,2,2022_07_NO_ARI-NO|2022_07_PIT_MIA-MIA,NO|MIA,+2.5|-7.5,2022_07_NO_ARI|2022_07_PIT_MIA,0.5540739923424901,WIN,1,2,False
2022,7,3,2022_07_IND_TEN-IND|2022_07_NO_ARI-NO|2022_07_PIT_MIA-MIA,IND|NO|MIA,+2.5|+2.5|-7.5,2022_07_IND_TEN|2022_07_NO_ARI|2022_07_PIT_MIA,0.4150434775910947,LOSS,0,2,False
2022,10,2,2022_10_DEN_TEN-DEN|2022_10_ATL_CAR-CAR,DEN|CAR,+2.5|+2.5,2022_10_DEN_TEN|2022_10_ATL_CAR,0.5749584885960947,WIN,1,2,False
2022,10,2,2022_10_DEN_TEN-DEN|2022_10_SEA_TB-SEA,DEN|SEA,+2.5|+2.5,2022_10_DEN_TEN|2022_10_SEA_TB,0.5647305299442514,WIN,1,2,False
2022,10,2,2022_10_DEN_TEN-DEN|2022_10_LAC_SF-SF,DEN|SF,+2.5|-8.5,2022_10_DEN_TEN|2022_10_LAC_SF,0.5633849451089579,WIN,1,2,False
2022,10,2,2022_10_ATL_CAR-CAR|2022_10_SEA_TB-SEA,CAR|SEA,+2.5|+2.5,2022_10_ATL_CAR|2022_10_SEA_TB,0.5599906302782042,WIN,1,2,False
2022,10,2,2022_10_ATL_CAR-CAR|2022_10_LAC_SF-SF,CAR|SF,+2.5|-8.5,2022_10_ATL_CAR|2022_10_LAC_SF,0.5586563392136087,WIN,1,2,False
2022,10,2,2022_10_SEA_TB-SEA|2022_10_LAC_SF-SF,SEA|SF,+2.5|-8.5,2022_10_SEA_TB|2022_10_LAC_SF,0.5487183801236944,WIN,1,2,False
2022,10,3,2022_10_DEN_TEN-DEN|2022_10_ATL_CAR-CAR|2022_10_SEA_TB-SEA,DEN|CAR|SEA,+2.5|+2.5|+2.5,2022_10_DEN_TEN|2022_10_ATL_CAR|2022_10_SEA_TB,0.42641184362202716,WIN,1,3,False
2022,10,3,2022_10_DEN_TEN-DEN|2022_10_ATL_CAR-CAR|2022_10_LAC_SF-SF,DEN|CAR|SF,+2.5|+2.5|-8.5,2022_10_DEN_TEN|2022_10_ATL_CAR|2022_10_LAC_SF,0.4253958310639244,WIN,1,3,False
2022,10,3,2022_10_DEN_TEN-DEN|2022_10_SEA_TB-SEA|2022_10_LAC_SF-SF,DEN|SEA|SF,+2.5|+2.5|-8.5,2022_10_DEN_TEN|2022_10_SEA_TB|2022_10_LAC_SF,0.4178284482752779,WIN,1,3,False
2022,10,3,2022_10_ATL_CAR-CAR|2022_10_SEA_TB-SEA|2022_10_LAC_SF-SF,CAR|SEA|SF,+2.5|+2.5|-8.5,2022_10_ATL_CAR|2022_10_SEA_TB|2022_10_LAC_SF,0.4143215280408777,WIN,1,3,False
2022,11,2,2022_11_LA_NO-LA|2022_11_LV_DEN-LV,LA|LV,+2.5|+2.5,2022_11_LA_NO|2022_11_LV_DEN,0.5766383144835873,WIN,1,2,False
2022,12,2,2022_12_CHI_NYJ-NYJ|2022_12_PIT_IND-PIT,NYJ|PIT,-8.5|+2.5,2022_12_CHI_NYJ|2022_12_PIT_IND,0.5925207721698506,WIN,1,2,False
2022,12,2,2022_12_CHI_NYJ-NYJ|2022_12_NE_MIN-NE,NYJ|NE,-8.5|+2.5,2022_12_CHI_NYJ|2022_12_NE_MIN,0.584404925483142,WIN,1,2,False
2022,12,2,2022_12_PIT_IND-PIT|2022_12_NE_MIN-NE,PIT|NE,+2.5|+2.5,2022_12_PIT_IND|2022_12_NE_MIN,0.5718831280607133,WIN,1,2,False
2022,12,3,2022_12_CHI_NYJ-NYJ|2022_12_PIT_IND-PIT|2022_12_NE_MIN-NE,NYJ|PIT|NE,-8.5|+2.5|+2.5,2022_12_CHI_NYJ|2022_12_PIT_IND|2022_12_NE_MIN,0.4450024129390495,WIN,1,3,False
2022,13,2,2022_13_WAS_NYG-NYG|2022_13_CLE_HOU-CLE,NYG|CLE,+2.5|-7.5,2022_13_WAS_NYG|2022_13_CLE_HOU,0.5595039754572394,WIN,1,2,False
2022,14,2,2022_14_BAL_PIT-BAL|2022_14_KC_DEN-KC,BAL|KC,+1.5|-8.5,2022_14_BAL_PIT|2022_14_KC_DEN,0.5766047419843252,WIN,1,2,False
2022,14,2,2022_14_BAL_PIT-BAL|2022_14_PHI_NYG-PHI,BAL|PHI,+1.5|-7.5,2022_14_BAL_PIT|2022_14_PHI_NYG,0.5766047419843252,WIN,1,2,False
2022,14,2,2022_14_KC_DEN-KC|2022_14_PHI_NYG-PHI,KC|PHI,-8.5|-7.5,2022_14_KC_DEN|2022_14_PHI_NYG,0.5527063209194287,WIN,1,2,False
2022,14,3,2022_14_BAL_PIT-BAL|2022_14_KC_DEN-KC|2022_14_PHI_NYG-PHI,BAL|KC|PHI,+1.5|-8.5|-7.5,2022_14_BAL_PIT|2022_14_KC_DEN|2022_14_PHI_NYG,0.42867230418521757,WIN,1,3,False
2022,15,2,2022_15_PIT_CAR-PIT|2022_15_ARI_DEN-ARI,PIT|ARI,+2.5|+1.5,2022_15_PIT_CAR|2022_15_ARI_DEN,0.6015752394683249,LOSS,0,1,False
2022,15,2,2022_15_PIT_CAR-PIT|2022_15_BAL_CLE-BAL,PIT|BAL,+2.5|+2.5,2022_15_PIT_CAR|2022_15_BAL_CLE,0.594251908854863,LOSS,0,1,False
2022,15,2,2022_15_ARI_DEN-ARI|2022_15_BAL_CLE-BAL,ARI|BAL,+1.5|+2.5,2022_15_ARI_DEN|2022_15_BAL_CLE,0.5904054724750936,LOSS,0,0,False
2022,15,3,2022_15_PIT_CAR-PIT|2022_15_ARI_DEN-ARI|2022_15_BAL_CLE-BAL,PIT|ARI|BAL,+2.5|+1.5|+2.5,2022_15_PIT_CAR|2022_15_ARI_DEN|2022_15_BAL_CLE,0.4594153017851291,LOSS,0,1,False
2022,16,2,2022_16_JAX_NYJ-JAX|2022_16_LV_PIT-LV,JAX|LV,+2.5|+2.5,2022_16_JAX_NYJ|2022_16_LV_PIT,0.5978313052282631,WIN,1,2,False
2022,16,2,2022_16_JAX_NYJ-JAX|2022_16_TB_ARI-TB,JAX|TB,+2.5|-7.5,2022_16_JAX_NYJ|2022_16_TB_ARI,0.5875476232763222,WIN,1,2,False
2022,16,2,2022_16_JAX_NYJ-JAX|2022_16_DET_CAR-CAR,JAX|CAR,+2.5|+2.5,2022_16_JAX_NYJ|2022_16_DET_CAR,0.5813910421014244,WIN,1,2,False
2022,16,2,2022_16_LV_PIT-LV|2022_16_TB_ARI-TB,LV|TB,+2.5|-7.5,2022_16_LV_PIT|2022_16_TB_ARI,0.5801116177424754,WIN,1,2,False
2022,16,2,2022_16_LV_PIT-LV|2022_16_DET_CAR-CAR,LV|CAR,+2.5|+2.5,2022_16_LV_PIT|2022_16_DET_CAR,0.5740329542884101,WIN,1,2,False
2022,16,2,2022_16_TB_ARI-TB|2022_16_DET_CAR-CAR,TB|CAR,-7.5|+2.5,2022_16_TB_ARI|2022_16_DET_CAR,0.5641586431236891,WIN,1,2,False
2022,16,3,2022_16_JAX_NYJ-JAX|2022_16_LV_PIT-LV|2022_16_TB_ARI-TB,JAX|LV|TB,+2.5|+2.5|-7.5,2022_16_JAX_NYJ|2022_16_LV_PIT|2022_16_TB_ARI,0.45140529070123364,WIN,1,3,False
2022,16,3,2022_16_JAX_NYJ-JAX|2022_16_LV_PIT-LV|2022_16_DET_CAR-CAR,JAX|LV|CAR,+2.5|+2.5|+2.5,2022_16_JAX_NYJ|2022_16_LV_PIT|2022_16_DET_CAR,0.44667526847855255,WIN,1,3,False
2022,16,3,2022_16_JAX_NYJ-JAX|2022_16_TB_ARI-TB|2022_16_DET_CAR-CAR,JAX|TB|CAR,+2.5|-7.5|+2.5,2022_16_JAX_NYJ|2022_16_TB_ARI|2022_16_DET_CAR,0.43899171902796397,WIN,1,3,False
2022,16,3,2022_16_LV_PIT-LV|2022_16_TB_ARI-TB|2022_16_DET_CAR-CAR,LV|TB|CAR,+2.5|-7.5|+2.5,2022_16_LV_PIT|2022_16_TB_ARI|2022_16_DET_CAR,0.4334358377296924,WIN,1,3,False
2022,18,2,2022_18_CLE_PIT-CLE|2022_18_DAL_WAS-DAL,CLE|DAL,+2.5|-7.5,2022_18_CLE_PIT|2022_18_DAL_WAS,0.578167691284727,LOSS,0,0,False
2022,19,2,2022_19_BAL_CIN-CIN|2022_19_DAL_TB-TB,CIN|TB,-7.5|+2.5,2022_19_BAL_CIN|2022_19_DAL_TB,0.5633849451089579,LOSS,0,1,False
2023,1,2,2023_01_SF_PIT-PIT|2023_01_BUF_NYJ-NYJ,PIT|NYJ,+1.5|+2.5,2023_01_SF_PIT|2023_01_BUF_NYJ,0.5613519138046958,LOSS,0,1,False
2023,2,2,2023_02_NYJ_DAL-DAL|2023_02_CLE_PIT-PIT,DAL|PIT,-8.5|+2.5,2023_02_NYJ_DAL|2023_02_CLE_PIT,0.5884784263959203,WIN,1,2,False
2023,2,2,2023_02_NYJ_DAL-DAL|2023_02_CHI_TB-CHI,DAL|CHI,-8.5|+2.5,2023_02_NYJ_DAL|2023_02_CHI_TB,0.5817132061052639,LOSS,0,1,False
2023,2,2,2023_02_NYJ_DAL-DAL|2023_02_SF_LA-SF,DAL|SF,-8.5|-7.5,2023_02_NYJ_DAL|2023_02_SF_LA,0.5697919898781896,WIN,1,2,False
2023,2,2,2023_02_CLE_PIT-PIT|2023_02_CHI_TB-CHI,PIT|CHI,+2.5|+2.5,2023_02_CLE_PIT|2023_02_CHI_TB,0.5799523697274307,LOSS,0,1,False
2023,2,2,2023_02_CLE_PIT-PIT|2023_02_SF_LA-SF,PIT|SF,+2.5|-7.5,2023_02_CLE_PIT|2023_02_SF_LA,0.5680672388272501,WIN,1,2,False
2023,2,2,2023_02_CHI_TB-CHI|2023_02_SF_LA-SF,CHI|SF,+2.5|-7.5,2023_02_CHI_TB|2023_02_SF_LA,0.5615366680566137,LOSS,0,1,False
2023,2,3,2023_02_NYJ_DAL-DAL|2023_02_CLE_PIT-PIT|2023_02_CHI_TB-CHI,DAL|PIT|CHI,-8.5|+2.5|+2.5,2023_02_NYJ_DAL|2023_02_CLE_PIT|2023_02_CHI_TB,0.44556995497632934,LOSS,0,2,False
2023,2,3,2023_02_NYJ_DAL-DAL|2023_02_CLE_PIT-PIT|2023_02_SF_LA-SF,DAL|PIT|SF,-8.5|+2.5|-7.5,2023_02_NYJ_DAL|2023_02_CLE_PIT|2023_02_SF_LA,0.43643876159475875,WIN,1,3,False
2023,2,3,2023_02_NYJ_DAL-DAL|2023_02_CHI_TB-CHI|2023_02_SF_LA-SF,DAL|CHI|SF,-8.5|+2.5|-7.5,2023_02_NYJ_DAL|2023_02_CHI_TB|2023_02_SF_LA,0.43142140797034,LOSS,0,2,False
2023,2,3,2023_02_CLE_PIT-PIT|2023_02_CHI_TB-CHI|2023_02_SF_LA-SF,PIT|CHI|SF,+2.5|+2.5|-7.5,2023_02_CLE_PIT|2023_02_CHI_TB|2023_02_SF_LA,0.43011550241179797,LOSS,0,2,False
2023,3,2,2023_03_NE_NYJ-NYJ|2023_03_NO_GB-GB,NYJ|GB,+2.5|+1.5,2023_03_NE_NYJ|2023_03_NO_GB,0.5915319710452827,WIN,1,2,False
2023,3,2,2023_03_NE_NYJ-NYJ|2023_03_HOU_JAX-JAX,NYJ|JAX,+2.5|-7.5,2023_03_NE_NYJ|2023_03_HOU_JAX,0.5853336401304544,LOSS,0,1,False
2023,3,2,2023_03_NE_NYJ-NYJ|2023_03_IND_BAL-BAL,NYJ|BAL,+2.5|-7.5,2023_03_NE_NYJ|2023_03_IND_BAL,0.5853336401304544,LOSS,0,1,False
2023,3,2,2023_03_NO_GB-GB|2023_03_HOU_JAX-JAX,GB|JAX,+1.5|-7.5,2023_03_NO_GB|2023_03_HOU_JAX,0.5641586431236891,LOSS,0,1,False
2023,3,2,2023_03_NO_GB-GB|2023_03_IND_BAL-BAL,GB|BAL,+1.5|-7.5,2023_03_NO_GB|2023_03_IND_BAL,0.5641586431236891,LOSS,0,1,False
2023,3,2,2023_03_HOU_JAX-JAX|2023_03_IND_BAL-BAL,JAX|BAL,-7.5|-7.5,2023_03_HOU_JAX|2023_03_IND_BAL,0.5582471419205303,LOSS,0,0,False
2023,3,3,2023_03_NE_NYJ-NYJ|2023_03_NO_GB-GB|2023_03_HOU_JAX-JAX,NYJ|GB|JAX,+2.5|+1.5|-7.5,2023_03_NE_NYJ|2023_03_NO_GB|2023_03_HOU_JAX,0.44196866184418676,LOSS,0,2,False
2023,3,3,2023_03_NE_NYJ-NYJ|2023_03_NO_GB-GB|2023_03_IND_BAL-BAL,NYJ|GB|BAL,+2.5|+1.5|-7.5,2023_03_NE_NYJ|2023_03_NO_GB|2023_03_IND_BAL,0.44196866184418676,LOSS,0,2,False
2023,3,3,2023_03_NE_NYJ-NYJ|2023_03_HOU_JAX-JAX|2023_03_IND_BAL-BAL,NYJ|JAX|BAL,+2.5|-7.5|-7.5,2023_03_NE_NYJ|2023_03_HOU_JAX|2023_03_IND_BAL,0.43733752074922067,LOSS,0,1,False
2023,3,3,2023_03_NO_GB-GB|2023_03_HOU_JAX-JAX|2023_03_IND_BAL-BAL,GB|JAX|BAL,+1.5|-7.5|-7.5,2023_03_NO_GB|2023_03_HOU_JAX|2023_03_IND_BAL,0.4215164230744877,LOSS,0,1,False
2023,4,2,2023_04_CIN_TEN-TEN|2023_04_DET_GB-GB,TEN|GB,+2.5|+2.5,2023_04_CIN_TEN|2023_04_DET_GB,0.5599906302782042,LOSS,0,1,False
2023,4,2,2023_04_CIN_TEN-TEN|2023_04_SEA_NYG-NYG,TEN|NYG,+2.5|+2.5,2023_04_CIN_TEN|2023_04_SEA_NYG,0.5560657171285477,LOSS,0,1,False
2023,4,2,2023_04_DET_GB-GB|2023_04_SEA_NYG-NYG,GB|NYG,+2.5|+2.5,2023_04_DET_GB|2023_04_SEA_NYG,0.5461738427144737,LOSS,0,0,False
2023,4,3,2023_04_CIN_TEN-TEN|2023_04_DET_GB-GB|2023_04_SEA_NYG-NYG,TEN|GB|NYG,+2.5|+2.5|+2.5,2023_04_CIN_TEN|2023_04_DET_GB|2023_04_SEA_NYG,0.4124002207442133,LOSS,0,1,False
2023,5,2,2023_05_NO_NE-NO|2023_05_HOU_ATL-HOU,NO|HOU,+2.5|+2.5,2023_05_NO_NE|2023_05_HOU_ATL,0.5785437803538648,WIN,1,2,False
2023,5,2,2023_05_NO_NE-NO|2023_05_NYJ_DEN-NYJ,NO|NYJ,+2.5|+2.5,2023_05_NO_NE|2023_05_NYJ_DEN,0.5770086939476157,WIN,1,2,False
2023,5,2,2023_05_NO_NE-NO|2023_05_TEN_IND-IND,NO|IND,+2.5|+2.5,2023_05_NO_NE|2023_05_TEN_IND,0.5740329542884101,WIN,1,2,False
2023,5,2,2023_05_HOU_ATL-HOU|2023_05_NYJ_DEN-NYJ,HOU|NYJ,+2.5|+2.5,2023_05_HOU_ATL|2023_05_NYJ_DEN,0.5655505690143497,WIN,1,2,False
2023,5,2,2023_05_HOU_ATL-HOU|2023_05_TEN_IND-IND,HOU|IND,+2.5|+2.5,2023_05_HOU_ATL|2023_05_TEN_IND,0.5626339210068675,WIN,1,2,False
2023,5,2,2023_05_NYJ_DEN-NYJ|2023_05_TEN_IND-IND,NYJ|IND,+2.5|+2.5,2023_05_NYJ_DEN|2023_05_TEN_IND,0.5611410492257483,WIN,1,2,False
2023,5,3,2023_05_NO_NE-NO|2023_05_HOU_ATL-HOU|2023_05_NYJ_DEN-NYJ,NO|HOU|NYJ,+2.5|+2.5|+2.5,2023_05_NO_NE|2023_05_HOU_ATL|2023_05_NYJ_DEN,0.4345052365093259,WIN,1,3,False
2023,5,3,2023_05_NO_NE-NO|2023_05_HOU_ATL-HOU|2023_05_TEN_IND-IND,NO|HOU|IND,+2.5|+2.5|+2.5,2023_05_NO_NE|2023_05_HOU_ATL|2023_05_TEN_IND,0.43226441331554105,WIN,1,3,False
2023,5,3,2023_05_NO_NE-NO|2023_05_NYJ_DEN-NYJ|2023_05_TEN_IND-IND,NO|NYJ|IND,+2.5|+2.5|+2.5,2023_05_NO_NE|2023_05_NYJ_DEN|2023_05_TEN_IND,0.4311174591051266,WIN,1,3,False
2023,5,3,2023_05_HOU_ATL-HOU|2023_05_NYJ_DEN-NYJ|2023_05_TEN_IND-IND,HOU|NYJ|IND,+2.5|+2.5|+2.5,2023_05_HOU_ATL|2023_05_NYJ_DEN|2023_05_TEN_IND,0.42255641356256646,WIN,1,3,False
2023,7,2,2023_07_LV_CHI-CHI|2023_07_BUF_NE-BUF,CHI|BUF,+2.5|-7.5,2023_07_LV_CHI|2023_07_BUF_NE,0.5817132061052639,LOSS,0,1,False
2023,7,2,2023_07_LV_CHI-CHI|2023_07_JAX_NO-JAX,CHI|JAX,+2.5|+2.5,2023_07_LV_CHI|2023_07_JAX_NO,0.5817132061052639,WIN,1,2,False
2023,7,2,2023_07_LV_CHI-CHI|2023_07_GB_DEN-GB,CHI|GB,+2.5|+1.5,2023_07_LV_CHI|2023_07_GB_DEN,0.5725904769225801,WIN,1,2,False
2023,7,2,2023_07_BUF_NE-BUF|2023_07_JAX_NO-JAX,BUF|JAX,-7.5|+2.5,2023_07_BUF_NE|2023_07_JAX_NO,0.5732851660317517,LOSS,0,1,False
2023,7,2,2023_07_BUF_NE-BUF|2023_07_GB_DEN-GB,BUF|GB,-7.5|+1.5,2023_07_BUF_NE|2023_07_GB_DEN,0.5642946097588876,LOSS,0,1,False
2023,7,2,2023_07_JAX_NO-JAX|2023_07_GB_DEN-GB,JAX|GB,+2.5|+1.5,2023_07_JAX_NO|2023_07_GB_DEN,0.5642946097588876,WIN,1,2,False
2023,7,3,2023_07_LV_CHI-CHI|2023_07_BUF_NE-BUF|2023_07_JAX_NO-JAX,CHI|BUF|JAX,+2.5|-7.5|+2.5,2023_07_LV_CHI|2023_07_BUF_NE|2023_07_JAX_NO,0.44044762803093224,LOSS,0,2,False
2023,7,3,2023_07_LV_CHI-CHI|2023_07_BUF_NE-BUF|2023_07_GB_DEN-GB,CHI|BUF|GB,+2.5|-7.5|+1.5,2023_07_LV_CHI|2023_07_BUF_NE|2023_07_GB_DEN,0.43354029914874326,LOSS,0,2,False
2023,7,3,2023_07_LV_CHI-CHI|2023_07_JAX_NO-JAX|2023_07_GB_DEN-GB,CHI|JAX|GB,+2.5|+2.5|+1.5,2023_07_LV_CHI|2023_07_JAX_NO|2023_07_GB_DEN,0.43354029914874326,WIN,1,3,False
2023,7,3,2023_07_BUF_NE-BUF|2023_07_JAX_NO-JAX|2023_07_GB_DEN-GB,BUF|JAX|GB,-7.5|+2.5|+1.5,2023_07_BUF_NE|2023_07_JAX_NO|2023_07_GB_DEN,0.4272590337823062,LOSS,0,2,False
2023,8,2,2023_08_ATL_TEN-TEN|2023_08_JAX_PIT-PIT,TEN|PIT,+2.5|+2.5,2023_08_ATL_TEN|2023_08_JAX_PIT,0.5952346973173576,LOSS,0,1,False
2023,8,2,2023_08_ATL_TEN-TEN|2023_08_NE_MIA-MIA,TEN|MIA,+2.5|-7.5,2023_08_ATL_TEN|2023_08_NE_MIA,0.5789499429768874,WIN,1,2,False
2023,8,2,2023_08_JAX_PIT-PIT|2023_08_NE_MIA-MIA,PIT|MIA,+2.5|-7.5,2023_08_JAX_PIT|2023_08_NE_MIA,0.5576009188970702,LOSS,0,1,False
2023,8,3,2023_08_ATL_TEN-TEN|2023_08_JAX_PIT-PIT|2023_08_NE_MIA-MIA,TEN|PIT|MIA,+2.5|+2.5|-7.5,2023_08_ATL_TEN|2023_08_JAX_PIT|2023_08_NE_MIA,0.43835540685089847,LOSS,0,2,False
2023,9,2,2023_09_TB_HOU-TB|2023_09_WAS_NE-WAS,TB|WAS,+2.5|+2.5,2023_09_TB_HOU|2023_09_WAS_NE,0.5798568933304319,WIN,1,2,False
2023,9,2,2023_09_TB_HOU-TB|2023_09_IND_CAR-CAR,TB|CAR,+2.5|+1.5,2023_09_TB_HOU|2023_09_IND_CAR,0.5663804733444683,LOSS,0,1,False
2023,9,2,2023_09_WAS_NE-WAS|2023_09_IND_CAR-CAR,WAS|CAR,+2.5|+1.5,2023_09_WAS_NE|2023_09_IND_CAR,0.5631162879942696,LOSS,0,1,False
2023,9,3,2023_09_TB_HOU-TB|2023_09_WAS_NE-WAS|2023_09_IND_CAR-CAR,TB|WAS|CAR,+2.5|+2.5|+1.5,2023_09_TB_HOU|2023_09_WAS_NE|2023_09_IND_CAR,0.430044693358146,LOSS,0,2,False
2023,11,2,2023_11_PIT_CLE-PIT|2023_11_NYG_WAS-WAS,PIT|WAS,+2.5|-7.5,2023_11_PIT_CLE|2023_11_NYG_WAS,0.6064981790533389,LOSS,0,1,False
2023,11,2,2023_11_PIT_CLE-PIT|2023_11_MIN_DEN-MIN,PIT|MIN,+2.5|+2.5,2023_11_PIT_CLE|2023_11_MIN_DEN,0.5916103732548704,WIN,1,2,False
2023,11,2,2023_11_PIT_CLE-PIT|2023_11_SEA_LA-SEA,PIT|SEA,+2.5|+2.5,2023_11_PIT_CLE|2023_11_SEA_LA,0.5872395465994542,WIN,1,2,False
2023,11,2,2023_11_NYG_WAS-WAS|2023_11_MIN_DEN-MIN,WAS|MIN,-7.5|+2.5,2023_11_NYG_WAS|2023_11_MIN_DEN,0.5722953659074387,LOSS,0,1,False
2023,11,2,2023_11_NYG_WAS-WAS|2023_11_SEA_LA-SEA,WAS|SEA,-7.5|+2.5,2023_11_NYG_WAS|2023_11_SEA_LA,0.5680672388272501,LOSS,0,1,False
2023,11,2,2023_11_MIN_DEN-MIN|2023_11_SEA_LA-SEA,MIN|SEA,+2.5|+2.5,2023_11_MIN_DEN|2023_11_SEA_LA,0.5541228033380405,WIN,1,2,False
2023,11,3,2023_11_PIT_CLE-PIT|2023_11_NYG_WAS-WAS|2023_11_MIN_DEN-MIN,PIT|WAS|MIN,+2.5|-7.5|+2.5,2023_11_PIT_CLE|2023_11_NYG_WAS|2023_11_MIN_DEN,0.4531508045684657,LOSS,0,2,False
2023,11,3,2023_11_PIT_CLE-PIT|2023_11_NYG_WAS-WAS|2023_11_SEA_LA-SEA,PIT|WAS|SEA,+2.5|-7.5|+2.5,2023_11_PIT_CLE|2023_11_NYG_WAS|2023_11_SEA_LA,0.44980291936382627,LOSS,0,2,False
2023,11,3,2023_11_PIT_CLE-PIT|2023_11_MIN_DEN-MIN|2023_11_SEA_LA-SEA,PIT|MIN|SEA,+2.5|+2.5|+2.5,2023_11_PIT_CLE|2023_11_MIN_DEN|2023_11_SEA_LA,0.43876153664850587,WIN,1,3,False
2023,11,3,2023_11_NYG_WAS-WAS|2023_11_MIN_DEN-MIN|2023_11_SEA_LA-SEA,WAS|MIN|SEA,-7.5|+2.5|+2.5,2023_11_NYG_WAS|2023_11_MIN_DEN|2023_11_SEA_LA,0.4244367670243509,LOSS,0,2,False
2023,12,2,2023_12_CLE_DEN-CLE|2023_12_TB_IND-TB,CLE|TB,+1.5|+2.5,2023_12_CLE_DEN|2023_12_TB_IND,0.5733603271699333,LOSS,0,1,False
2023,12,2,2023_12_CLE_DEN-CLE|2023_12_GB_DET-DET,CLE|DET,+1.5|-8.5,2023_12_CLE_DEN|2023_12_GB_DET,0.5680539043155846,LOSS,0,0,False
2023,12,2,2023_12_TB_IND-TB|2023_12_GB_DET-DET,TB|DET,+2.5|-8.5,2023_12_TB_IND|2023_12_GB_DET,0.544938443511813,LOSS,0,1,False
2023,12,3,2023_12_CLE_DEN-CLE|2023_12_TB_IND-TB|2023_12_GB_DET-DET,CLE|TB|DET,+1.5|+2.5|-8.5,2023_12_CLE_DEN|2023_12_TB_IND|2023_12_GB_DET,0.4212911321778236,LOSS,0,1,False
2023,14,2,2023_14_JAX_CLE-JAX|2023_14_TB_ATL-TB,JAX|TB,+2.5|+1.5,2023_14_JAX_CLE|2023_14_TB_ATL,0.583744581974575,WIN,1,2,False
2023,14,2,2023_14_JAX_CLE-JAX|2023_14_LA_BAL-BAL,JAX|BAL,+2.5|-7.5,2023_14_JAX_CLE|2023_14_LA_BAL,0.5821669259631677,WIN,1,2,False
2023,14,2,2023_14_TB_ATL-TB|2023_14_LA_BAL-BAL,TB|BAL,+1.5|-7.5,2023_14_TB_ATL|2023_14_LA_BAL,0.5685918755599847,WIN,1,2,False
2023,14,3,2023_14_JAX_CLE-JAX|2023_14_TB_ATL-TB|2023_14_LA_BAL-BAL,JAX|TB|BAL,+2.5|+1.5|-7.5,2023_14_JAX_CLE|2023_14_TB_ATL|2023_14_LA_BAL,0.43957756670288106,WIN,1,3,False
2023,15,2,2023_15_NYJ_MIA-MIA|2023_15_PIT_IND-PIT,MIA|PIT,-7.5|+1.5,2023_15_NYJ_MIA|2023_15_PIT_IND,0.5895163986053503,LOSS,0,1,False
2023,17,2,2023_17_NO_TB-NO|2023_17_CIN_KC-KC,NO|KC,+2.5|-7.5,2023_17_NO_TB|2023_17_CIN_KC,0.5543671132195294,WIN,1,2,False
2023,18,2,2023_18_NYJ_NE-NYJ|2023_18_CLE_CIN-CIN,NYJ|CIN,+2.5|-7.5,2023_18_NYJ_NE|2023_18_CLE_CIN,0.6426395431076792,WIN,1,2,False
2023,18,2,2023_18_NYJ_NE-NYJ|2023_18_CHI_GB-CHI,NYJ|CHI,+2.5|+2.5,2023_18_NYJ_NE|2023_18_CHI_GB,0.6130461796939854,WIN,1,2,False
2023,18,2,2023_18_CLE_CIN-CIN|2023_18_CHI_GB-CHI,CIN|CHI,-7.5|+2.5,2023_18_CLE_CIN|2023_18_CHI_GB,0.573835924325793,WIN,1,2,False
2023,18,3,2023_18_NYJ_NE-NYJ|2023_18_CLE_CIN-CIN|2023_18_CHI_GB-CHI,NYJ|CIN|CHI,+2.5|-7.5|+2.5,2023_18_NYJ_NE|2023_18_CLE_CIN|2023_18_CHI_GB,0.47547116520072324,WIN,1,3,False
2023,19,2,2023_19_PHI_TB-TB|2023_19_CLE_HOU-HOU,TB|HOU,+2.5|+2.5,2023_19_PHI_TB|2023_19_CLE_HOU,0.5555441727725787,WIN,1,2,False
